,Park,HOUSE_NUMBER,STREET_ADDRESS,Suburb_x,POST_CODE,LONG,LAT,SHAPE_Length,SHAPE_Area,Affenpinscher,Afghan Hound,Airedale Terrier,Akita,Akita (Japanese),Alaskan Malamute,American Hairless Terrier,American Staffordshire Terrier,Anatolian Shepherd Dog,Australian Cattle Dog,Australian Kelpie,Australian Koolie,Australian Shepherd,Australian Silky Terrier,Australian Staghound,Australian Stumpy Tail Cattle Dog,Australian Terrier,Basenji,Basset Fauve de Bretagne,Basset Hound,Beagle,Bearded Collie,Bedlington Terrier,Belgian Shepherd,Belgian Shepherd Dog,Bernese Mountain Dog,Bichon Frise,Black Russian Terrier,Bloodhound,Bluetick Coonhound,Border Collie,Border Terrier,Borzoi,Boston Terrier,Bouvier des Flandres,Boxer,Bracco Italiano,Briard,British Bulldog,Brittany,Bull Arab,Bull Terrier,Bull Terrier (Miniature),Bulldog,Bullmastiff,Cairn Terrier,Canaan Dog,Canadian Eskimo Dog,Cane Corso,Cavalier King Charles Spaniel,Central Asian Shepherd Dog,Chesapeake Bay Retriever,Chihuahua,Chihuahua (Long Coat),Chihuahua (Smooth Coat),Chinese Crested Dog,Chow Chow,Clumber Spaniel,Cocker Spaniel,Cocker Spaniel (American),Collie (Rough),Collie (Smooth),Coton De Tulear,Curly Coated Retriever,Dachshund,Dalmatian,Dandie Dinmont Terrier,Deerhound,Dobermann,Dogue de Bordeaux,Dutch Shepherd Dog,English Setter,English Springer Spaniel,English Toy Terrier,Eurasier,Field Spaniel,Finnish Lapphund,Finnish Spitz,Flat Coated Retriever,Fox Terrier,Fox Terrier (Smooth),Fox Terrier (Wire),Foxhound,French Bulldog,German Hunting Terrier,German Pinscher,German Shepherd Dog,German Shepherd Dog (Long Stock Coat),German Shorthaired Pointer,German Spitz,German Wirehaired Pointer,Glen of Imaal Terrier,Golden Retriever,Gordon Setter,Grand Basset Griffon Vendeen,Great Dane,Greyhound,Griffon Bruxellois,Hamiltonstovare,Harrier,Havanese,Hungarian Vizsla,Ibizan Hound,Irish Red and White Setter,Irish Setter,Irish Terrier,Irish Wolfhound,Italian Corso Dog,Italian Greyhound,Italian Spinone,Jack Russell Terrier,Japanese Chin,Japanese Spitz,Kangal Dog,Keeshond,Kerry Blue Terrier,King Charles Spaniel,Kuvasz,Labrador Retriever,Lagotto Romagnolo ,Lakeland Terrier,Large Cross Breed,Large Munsterlander,Leonberger,Lhasa Apso,Lowchen,Maltese,Manchester Terrier,Maremma Sheepdog,Mastiff,Medium Cross Breed,Miniature Pinscher,Neapolitan Mastiff,Newfoundland,Norfolk Terrier,Norwegian Elkhound,Norwich Terrier,Nova Scotia Duck Tolling Retriever,Old English Sheepdog,Papillon,Parson Russell Terrier,Pekingese,Petit Basset Griffon Vendeen,Pharaoh Hound,Pointer,Polish Lowland Sheepdog,Pomeranian,Poodle,Poodle (Miniature),Poodle (Standard),Poodle (Toy),Portuguese Podengo,Portuguese Water Dog,Pug,Puli,Pyrenean Mountain Dog,Rhodesian Ridgeback,Rottweiler,Rough Collie,Russian Black Terrier,Russian Toy (Russkiy Toy) (Smooth Haired),Saluki,Samoyed,Schipperke,Schnauzer,Schnauzer (Giant),Schnauzer (Miniature),Scottish Terrier,Sealyham Terrier,Shar Pei,Shetland Sheepdog,Shiba Inu,Shih Tzu,Siberian Husky,Skye Terrier,Small Cross Breed,Smooth Collie,Soft Coated Wheaten Terrier,St Bernard,Staffordshire Bull Terrier,Stag Hound,Sussex Spaniel,Swedish Lapphund,Swedish Vallhund,Tenterfield Terrier,Tibetan Mastiff,Tibetan Spaniel,Tibetan Terrier,Unknown,Weimaraner,Welsh Corgi,Welsh Corgi (Cardigan),Welsh Corgi (Pembroke),Welsh Springer Spaniel,Welsh Terrier,West Highland White Terrier,Whippet,White Swiss Shepherd Dog,Yorkshire Terrier,Suburb_y,Address,dog area
0,UPPER KEDRON RECREATION RESERVE,179,CEMETERY ROAD,UPPER KEDRON,4055,152.923145715685,-27.4115759744552,1928.1728997780301,99882.918897457,0,0,0,0,0,0,0,15,0,15,22,2,1,3,0,1,1,0,0,5,25,0,0,1,1,0,9,0,0,0,43,3,0,0,0,6,0,0,1,0,12,5,0,0,3,1,0,0,1,42,0,0,9,0,0,0,0,0,16,1,0,0,0,0,15,1,0,0,3,1,0,0,1,0,0,0,0,0,0,11,2,1,0,4,0,0,23,2,3,2,0,0,22,0,0,9,7,0,0,0,0,0,0,0,0,0,3,1,1,0,26,0,5,0,1,0,6,0,73,1,0,2,0,0,4,0,48,0,0,7,1,2,0,1,0,0,0,0,1,0,1,0,0,0,3,0,5,24,3,0,5,0,0,10,0,0,9,17,1,0,0,0,0,0,7,0,4,1,0,1,0,0,18,8,0,1,0,0,0,47,0,0,0,0,4,0,1,2,1,2,1,0,0,1,0,5,0,2,3,Upper Kedron,"Upper Kedron Recreation Reserve, 270 Upper Kedron Road, Upper Kedron",y
1,FOREST LAKE SPORTS FIELDS,310,FOREST LAKE BOULEVARD,FOREST LAKE,4078,152.969532751031,-27.6191975198687,2180.16543577153,100638.22021151,0,2,1,1,0,7,0,61,1,55,63,2,1,28,0,1,10,2,0,0,46,2,0,3,0,1,23,0,1,0,120,1,0,1,1,24,0,0,7,0,26,16,1,2,20,3,0,0,1,76,0,0,40,3,5,1,1,0,33,1,0,0,0,0,59,16,1,0,6,4,0,0,6,0,0,0,0,0,0,89,5,2,0,15,0,0,100,2,2,0,0,0,52,0,0,14,17,1,1,0,1,1,0,0,0,0,8,0,6,0,75,0,4,0,0,0,14,0,163,1,0,3,0,0,27,0,235,1,7,16,2,3,5,0,0,0,0,0,0,10,0,1,0,0,0,0,37,96,17,0,8,0,0,31,0,0,16,30,1,0,0,0,5,0,20,0,0,1,0,14,6,1,85,28,0,3,1,2,2,148,0,0,0,3,9,2,22,0,10,2,9,0,1,0,0,16,4,1,4,Forest Lake,"Forest Lake Sports Fields, 310 Forest Lake Boulevard, Forest Lake",y
2,WOOGAROO RESERVE,24,BRIGHTON PARADE,FOREST LAKE,4078,152.975871983,-27.633811852999898,2613.64319327841,69522.9416033826,0,2,1,1,0,7,0,61,1,55,63,2,1,28,0,1,10,2,0,0,46,2,0,3,0,1,23,0,1,0,120,1,0,1,1,24,0,0,7,0,26,16,1,2,20,3,0,0,1,76,0,0,40,3,5,1,1,0,33,1,0,0,0,0,59,16,1,0,6,4,0,0,6,0,0,0,0,0,0,89,5,2,0,15,0,0,100,2,2,0,0,0,52,0,0,14,17,1,1,0,1,1,0,0,0,0,8,0,6,0,75,0,4,0,0,0,14,0,163,1,0,3,0,0,27,0,235,1,7,16,2,3,5,0,0,0,0,0,0,10,0,1,0,0,0,0,37,96,17,0,8,0,0,31,0,0,16,30,1,0,0,0,5,0,20,0,0,1,0,14,6,1,85,28,0,3,1,2,2,148,0,0,0,3,9,2,22,0,10,2,9,0,1,0,0,16,4,1,4,Forest Lake,"Woogaroo Reserve, 315 Forest Lake Boulevard, Forest Lake",y
3,PAT RAFTER PARK,20,MEDALLION PLACE,CARSELDINE,4034,153.009132714928,-27.3416195241918,1357.93247567179,20686.559363841003,0,0,0,1,0,3,0,27,0,24,29,1,5,10,0,0,3,0,1,1,15,2,0,6,1,0,17,0,0,0,51,0,0,2,0,9,0,0,3,1,7,4,0,1,4,3,0,0,0,47,0,0,22,2,0,1,0,1,20,0,0,0,0,0,25,1,0,0,3,0,0,0,1,0,0,0,0,0,0,33,2,0,0,6,0,0,19,1,1,0,0,0,17,0,0,2,6,0,0,0,1,2,0,0,0,0,2,0,2,0,32,0,5,0,0,0,6,0,61,0,0,0,0,0,5,1,92,1,0,0,1,1,1,1,0,0,0,0,1,1,0,1,0,0,0,1,10,46,5,3,2,0,0,10,0,1,7,9,0,0,0,0,1,1,8,0,5,0,0,6,2,0,36,8,0,3,0,0,1,51,0,0,0,0,6,0,6,0,8,2,2,0,1,0,0,5,6,1,2,Carseldine,"Pat Rafter Park, 3 Medallion Place, Carseldine",y
4,LACEY ROAD PARK,133,LACEY ROAD,CARSELDINE,4034,153.01884160020398,-27.3367550551364,2742.07113972391,131060.020369331,0,0,0,1,0,3,0,27,0,24,29,1,5,10,0,0,3,0,1,1,15,2,0,6,1,0,17,0,0,0,51,0,0,2,0,9,0,0,3,1,7,4,0,1,4,3,0,0,0,47,0,0,22,2,0,1,0,1,20,0,0,0,0,0,25,1,0,0,3,0,0,0,1,0,0,0,0,0,0,33,2,0,0,6,0,0,19,1,1,0,0,0,17,0,0,2,6,0,0,0,1,2,0,0,0,0,2,0,2,0,32,0,5,0,0,0,6,0,61,0,0,0,0,0,5,1,92,1,0,0,1,1,1,1,0,0,0,0,1,1,0,1,0,0,0,1,10,46,5,3,2,0,0,10,0,1,7,9,0,0,0,0,1,1,8,0,5,0,0,6,2,0,36,8,0,3,0,0,1,51,0,0,0,0,6,0,6,0,8,2,2,0,1,0,0,5,6,1,2,Carseldine,"Lacey Road Park, 153 Lacey Road, Carseldine",y
5,BLACKBUTT PLACE PARK,23A,BLACKBUTT PLACE,BROOKFIELD,4069,152.92706787657102,-27.504510061564197,4344.70047326935,108470.917167586,0,1,1,0,0,0,0,5,1,18,34,3,1,2,0,0,3,0,0,0,8,0,0,0,0,2,4,0,0,0,60,0,1,1,2,5,0,0,2,1,5,3,0,1,1,0,0,0,0,27,0,1,5,0,0,0,0,0,12,0,0,0,0,0,9,4,0,0,3,0,0,1,2,0,0,0,0,0,0,12,1,0,0,3,0,0,11,0,3,1,0,0,15,0,0,5,3,0,0,0,3,7,0,0,0,0,2,0,3,0,16,0,0,0,1,0,1,0,75,0,0,0,0,0,3,2,18,0,1,1,0,1,1,0,0,0,0,0,0,1,0,0,0,0,1,0,3,19,0,1,0,0,0,1,0,0,7,6,1,0,0,0,0,0,6,0,2,0,0,0,1,0,5,1,0,1,0,0,0,25,0,0,0,0,4,2,2,0,4,2,2,0,0,0,1,8,4,0,0,Brookfield,"Blackbutt Place Park, 23A Blackbutt Place, Brookfield",y
6,PHILLIPS PLACE PARK,11,PHILLIPS PLACE,WAKERLEY,4154,153.143147542,-27.484666224,1989.46776519507,64014.783243145495,0,0,0,0,0,2,0,11,0,16,21,2,0,3,0,0,1,0,0,0,19,0,0,1,0,1,12,0,0,0,58,2,0,1,0,9,0,0,5,2,5,1,0,3,5,1,0,0,0,80,0,0,14,0,0,1,0,0,26,0,0,0,0,0,36,2,0,0,0,0,0,0,1,0,1,0,0,0,1,26,1,0,0,9,0,0,25,0,3,1,0,0,36,0,0,4,8,0,0,0,2,0,0,0,0,0,0,0,0,0,27,0,4,0,1,1,8,0,91,0,1,1,0,0,9,1,91,0,1,2,3,0,1,0,0,0,0,0,1,1,0,1,0,0,0,0,13,58,1,0,9,0,1,10,0,0,10,11,0,0,0,0,0,0,8,0,4,2,0,1,9,0,30,9,0,5,0,1,0,53,0,0,0,0,2,0,3,2,11,3,2,0,0,0,0,12,2,0,2,Wakerley,"Phillips Place Park, 11 Phillips Place, Wakerley",y
7,SHERIFF PARK,45,HABITAT DRIVE,WAKERLEY,4154,153.162623728661,-27.4876493543975,984.064619368246,46061.9879749818,0,0,0,0,0,2,0,11,0,16,21,2,0,3,0,0,1,0,0,0,19,0,0,1,0,1,12,0,0,0,58,2,0,1,0,9,0,0,5,2,5,1,0,3,5,1,0,0,0,80,0,0,14,0,0,1,0,0,26,0,0,0,0,0,36,2,0,0,0,0,0,0,1,0,1,0,0,0,1,26,1,0,0,9,0,0,25,0,3,1,0,0,36,0,0,4,8,0,0,0,2,0,0,0,0,0,0,0,0,0,27,0,4,0,1,1,8,0,91,0,1,1,0,0,9,1,91,0,1,2,3,0,1,0,0,0,0,0,1,1,0,1,0,0,0,0,13,58,1,0,9,0,1,10,0,0,10,11,0,0,0,0,0,0,8,0,4,2,0,1,9,0,30,9,0,5,0,1,0,53,0,0,0,0,2,0,3,2,11,3,2,0,0,0,0,12,2,0,2,Wakerley,"Sheriff Park, 45 Habitat Drive, Wakerley",y
8,MOSS ROAD (NO. 42),42,MOSS ROAD,WAKERLEY,4154,153.160964675133,-27.4791214254799,1325.5758290512,40735.6642894894,0,0,0,0,0,2,0,11,0,16,21,2,0,3,0,0,1,0,0,0,19,0,0,1,0,1,12,0,0,0,58,2,0,1,0,9,0,0,5,2,5,1,0,3,5,1,0,0,0,80,0,0,14,0,0,1,0,0,26,0,0,0,0,0,36,2,0,0,0,0,0,0,1,0,1,0,0,0,1,26,1,0,0,9,0,0,25,0,3,1,0,0,36,0,0,4,8,0,0,0,2,0,0,0,0,0,0,0,0,0,27,0,4,0,1,1,8,0,91,0,1,1,0,0,9,1,91,0,1,2,3,0,1,0,0,0,0,0,1,1,0,1,0,0,0,0,13,58,1,0,9,0,1,10,0,0,10,11,0,0,0,0,0,0,8,0,4,2,0,1,9,0,30,9,0,5,0,1,0,53,0,0,0,0,2,0,3,2,11,3,2,0,0,0,0,12,2,0,2,Wakerley,"Moss Road (no. 42), 64 Watervale Parade, Wakerley",y
9,STANNARD ROAD PARK,55,STANNARD ROAD,MANLY WEST,4179,153.168754626828,-27.4605855539392,1005.31431229961,28200.2948329871,0,0,0,1,0,3,0,27,1,54,52,1,3,14,0,0,8,1,0,3,27,0,0,6,0,0,14,0,1,0,82,1,0,2,0,16,0,0,6,3,16,5,0,4,10,2,0,0,0,71,0,0,25,2,2,0,2,0,17,1,1,0,0,0,33,2,0,0,2,3,0,0,2,0,0,0,0,0,0,42,3,0,0,11,1,0,44,1,3,1,0,0,54,0,0,8,10,1,0,0,1,0,0,0,0,0,6,0,0,0,49,0,3,0,2,2,9,0,123,2,0,1,0,0,14,0,116,0,1,4,3,2,2,0,0,0,0,0,2,1,0,0,0,0,1,0,11,76,3,2,6,0,0,12,0,0,14,20,2,0,0,0,1,4,22,0,3,1,0,8,5,1,36,10,0,3,0,1,0,126,1,0,0,0,9,0,7,1,7,1,6,0,1,0,0,9,10,1,1,Manly West,"Stannard Road Park, 55 Stannard Road, Manly West",y
10,MORTIMER ROAD PARK,32,CALADENIA STREET,ACACIA RIDGE,4110,153.017484183382,-27.5767049617416,1872.8847701906302,204321.320335582,0,0,0,1,0,4,0,32,0,35,25,1,1,5,0,1,9,0,0,0,7,0,0,1,0,0,2,0,0,0,29,0,0,2,0,8,0,0,1,0,21,4,0,1,14,0,0,0,0,3,0,0,16,0,0,0,0,0,5,0,0,0,0,1,12,1,0,0,1,2,0,0,0,0,0,0,0,0,0,26,2,0,0,1,0,0,30,0,1,0,0,0,6,0,0,5,2,0,0,0,0,2,0,0,0,0,6,0,0,0,24,0,3,0,0,0,1,0,36,0,0,0,0,0,2,0,55,0,0,8,2,0,1,0,0,0,0,0,0,4,0,0,0,0,0,0,6,12,1,0,2,0,0,3,0,0,12,20,0,0,0,0,2,0,1,0,1,0,0,6,1,1,12,9,0,2,0,0,0,78,0,0,0,0,0,0,3,1,4,0,0,0,0,0,0,3,2,0,2,Acacia Ridge,"Mortimer Road Park, 174 Mortimer Road, Acacia Ridge",y
11,MARNHAM STREET PARK,45,MARNHAM STREET,ACACIA RIDGE,4110,153.026510860186,-27.59370256558,1419.83599625349,31454.092027565897,0,0,0,1,0,4,0,32,0,35,25,1,1,5,0,1,9,0,0,0,7,0,0,1,0,0,2,0,0,0,29,0,0,2,0,8,0,0,1,0,21,4,0,1,14,0,0,0,0,3,0,0,16,0,0,0,0,0,5,0,0,0,0,1,12,1,0,0,1,2,0,0,0,0,0,0,0,0,0,26,2,0,0,1,0,0,30,0,1,0,0,0,6,0,0,5,2,0,0,0,0,2,0,0,0,0,6,0,0,0,24,0,3,0,0,0,1,0,36,0,0,0,0,0,2,0,55,0,0,8,2,0,1,0,0,0,0,0,0,4,0,0,0,0,0,0,6,12,1,0,2,0,0,3,0,0,12,20,0,0,0,0,2,0,1,0,1,0,0,6,1,1,12,9,0,2,0,0,0,78,0,0,0,0,0,0,3,1,4,0,0,0,0,0,0,3,2,0,2,Acacia Ridge,"Marnham Street Park, 45 Marnham Street, Acacia Ridge",y
12,NEWBURY PLACE PARK,61A,CRIBB ROAD,CARINDALE,4152,153.119975879691,-27.5236973354079,1302.22496240415,37717.9807566168,0,0,0,1,3,5,0,23,0,22,43,1,2,13,0,1,7,0,0,1,32,0,1,2,0,5,46,0,0,0,79,1,0,1,0,11,0,0,5,0,12,2,0,3,5,2,0,0,0,132,0,0,29,1,3,0,3,0,47,0,0,0,0,0,48,0,0,0,2,3,0,0,5,0,0,0,1,0,1,28,0,0,0,11,0,2,37,3,2,1,0,0,63,0,0,3,10,3,0,0,2,5,0,0,0,1,0,0,1,0,75,0,7,0,1,0,17,0,150,2,0,1,0,0,22,0,176,0,1,4,7,2,1,0,0,0,0,0,0,7,0,0,0,0,0,0,23,127,12,5,9,0,0,20,0,0,9,6,2,0,0,1,11,0,30,0,5,0,0,9,11,2,69,12,0,4,0,0,1,65,1,0,0,0,9,2,12,0,6,2,10,0,5,0,0,16,6,0,9,Carindale,"Newbury Place Park, 61A Cribb Road, Carindale",y
13,CARINDALE RECREATION RESERVE,44,BEDIVERE STREET,CARINDALE,4152,153.110565146859,-27.497933948394998,2025.6763422482102,203257.00843775301,0,0,0,1,3,5,0,23,0,22,43,1,2,13,0,1,7,0,0,1,32,0,1,2,0,5,46,0,0,0,79,1,0,1,0,11,0,0,5,0,12,2,0,3,5,2,0,0,0,132,0,0,29,1,3,0,3,0,47,0,0,0,0,0,48,0,0,0,2,3,0,0,5,0,0,0,1,0,1,28,0,0,0,11,0,2,37,3,2,1,0,0,63,0,0,3,10,3,0,0,2,5,0,0,0,1,0,0,1,0,75,0,7,0,1,0,17,0,150,2,0,1,0,0,22,0,176,0,1,4,7,2,1,0,0,0,0,0,0,7,0,0,0,0,0,0,23,127,12,5,9,0,0,20,0,0,9,6,2,0,0,1,11,0,30,0,5,0,0,9,11,2,69,12,0,4,0,0,1,65,1,0,0,0,9,2,12,0,6,2,10,0,5,0,0,16,6,0,9,Carindale,"Carindale Recreation Reserve, 27 Cadogan Street, Carindale",y
14,BERYL ROBERTS PARK,63,BARODA STREET,COOPERS PLAINS,4108,153.04380332854998,-27.5664560662218,2608.1956236479396,135937.148546641,0,0,0,0,0,1,0,11,0,20,18,0,0,2,0,0,1,0,0,0,4,0,0,1,0,0,5,0,0,0,21,0,0,0,0,1,0,0,1,0,5,4,0,0,4,1,0,0,0,10,0,0,12,1,2,0,0,0,1,1,0,0,0,0,5,0,0,0,1,0,0,0,0,0,0,0,0,0,0,8,0,0,0,1,0,0,12,0,0,0,0,0,3,0,0,3,3,0,0,0,0,0,0,1,0,0,3,0,0,0,17,0,3,0,0,0,1,0,20,0,0,0,1,0,0,0,44,0,3,1,0,0,0,0,0,0,0,0,0,3,1,0,0,0,0,0,5,12,1,0,1,0,0,5,0,0,6,4,0,0,0,0,1,0,3,0,0,0,0,7,1,0,12,1,0,2,0,1,0,40,0,0,0,0,1,1,2,1,1,2,0,0,0,0,0,0,0,0,0,Coopers Plains,"Beryl Roberts Park, 45A Baroda Street, Coopers Plains",y
15,ARBOR STREET PARK,45,TRAMWAY STREET,FERNY GROVE,4055,152.937806322846,-27.4049317260567,1224.70012723548,82156.4638304083,1,0,0,0,0,0,0,13,1,26,33,1,1,4,0,1,6,1,0,0,13,2,0,1,0,0,6,0,0,0,50,4,0,2,0,3,0,0,1,0,8,4,0,1,6,1,0,0,0,42,0,0,13,0,0,0,0,0,22,1,0,0,0,0,22,4,0,0,1,1,0,0,4,1,0,0,1,0,0,22,2,0,0,4,0,0,17,1,0,0,0,0,35,0,0,8,1,0,0,0,0,3,0,0,0,0,2,2,0,0,26,0,1,0,1,0,3,0,65,0,0,1,0,0,3,0,65,0,1,6,5,2,1,0,0,0,0,0,0,1,0,1,0,0,2,0,5,26,2,2,1,0,0,4,0,0,9,7,0,0,0,0,2,1,2,0,2,0,0,0,1,2,18,5,0,1,0,0,0,55,0,0,0,0,3,0,3,0,4,1,1,1,0,0,0,9,4,1,1,Ferny Grove,"Arbor Street Park, 1200 Samford Road, Ferny Grove",y
16,BARUNGWARRA BUSHLAND RESERVE,98,BALD HILLS-BURPENGARY ROAD,BALD HILLS,4036,153.01402550792102,-27.303600841678602,1268.9838848816498,38573.507806707596,0,0,1,2,0,3,0,27,0,42,38,2,2,5,0,0,4,0,0,0,16,1,0,1,0,0,5,0,0,0,42,0,0,0,0,10,0,0,6,0,22,4,0,1,8,0,0,0,0,23,0,0,22,0,1,0,2,0,12,0,0,0,0,1,17,6,0,0,1,3,0,0,2,0,0,0,1,0,0,29,0,0,1,3,0,0,21,0,6,0,0,0,18,1,0,8,12,2,0,0,0,0,0,0,1,0,3,0,0,0,23,0,0,0,1,0,1,0,159,0,0,1,0,0,10,0,70,1,4,12,3,0,2,0,0,0,0,0,0,3,0,1,0,0,0,0,6,25,2,2,5,0,0,11,0,1,12,10,1,0,0,0,0,0,5,0,3,0,0,7,0,2,31,7,0,1,0,0,0,78,0,0,0,0,2,0,6,0,8,2,8,0,0,0,0,3,0,0,1,Bald Hills,"Barungwarra Bushland Reserve, 98 Bald Hills-Burpengary Road, Bald Hills",y
17,CANTERBURY PARK,70,FEUERRIEGEL ROAD,BALD HILLS,4036,153.007451765626,-27.305799419583,2059.03237464202,146547.761281601,0,0,1,2,0,3,0,27,0,42,38,2,2,5,0,0,4,0,0,0,16,1,0,1,0,0,5,0,0,0,42,0,0,0,0,10,0,0,6,0,22,4,0,1,8,0,0,0,0,23,0,0,22,0,1,0,2,0,12,0,0,0,0,1,17,6,0,0,1,3,0,0,2,0,0,0,1,0,0,29,0,0,1,3,0,0,21,0,6,0,0,0,18,1,0,8,12,2,0,0,0,0,0,0,1,0,3,0,0,0,23,0,0,0,1,0,1,0,159,0,0,1,0,0,10,0,70,1,4,12,3,0,2,0,0,0,0,0,0,3,0,1,0,0,0,0,6,25,2,2,5,0,0,11,0,1,12,10,1,0,0,0,0,0,5,0,3,0,0,7,0,2,31,7,0,1,0,0,0,78,0,0,0,0,2,0,6,0,8,2,8,0,0,0,0,3,0,0,1,Bald Hills,"Canterbury Park, 63 Feuerriegel Road, Bald Hills",y
18,GUS DAVIES PARK,39,CHARLOCK ROAD,BALD HILLS,4036,153.02034099895002,-27.307197827812,765.369661058789,24707.145622827597,0,0,1,2,0,3,0,27,0,42,38,2,2,5,0,0,4,0,0,0,16,1,0,1,0,0,5,0,0,0,42,0,0,0,0,10,0,0,6,0,22,4,0,1,8,0,0,0,0,23,0,0,22,0,1,0,2,0,12,0,0,0,0,1,17,6,0,0,1,3,0,0,2,0,0,0,1,0,0,29,0,0,1,3,0,0,21,0,6,0,0,0,18,1,0,8,12,2,0,0,0,0,0,0,1,0,3,0,0,0,23,0,0,0,1,0,1,0,159,0,0,1,0,0,10,0,70,1,4,12,3,0,2,0,0,0,0,0,0,3,0,1,0,0,0,0,6,25,2,2,5,0,0,11,0,1,12,10,1,0,0,0,0,0,5,0,3,0,0,7,0,2,31,7,0,1,0,0,0,78,0,0,0,0,2,0,6,0,8,2,8,0,0,0,0,3,0,0,1,Bald Hills,"Gus Davies Park, 39 Charlock Road, Bald Hills",y
19,DUCIE STREET PARK,75,EBRINGTON STREET,DARRA,4076,152.95000102618,-27.572445963649002,1076.52292385195,58198.7498142342,0,0,0,2,0,2,0,15,1,16,21,0,1,4,0,0,0,0,0,0,4,1,0,1,0,0,2,0,0,0,17,0,0,0,0,4,0,0,1,0,12,4,0,0,3,0,0,0,0,7,0,0,8,0,0,0,0,0,2,0,0,0,0,0,5,2,1,0,2,0,0,0,0,0,0,1,0,0,0,12,1,0,0,1,0,0,10,0,1,0,0,0,4,0,0,5,2,0,0,0,0,1,0,0,0,0,2,0,0,0,11,0,2,0,0,0,1,0,22,0,0,0,0,0,3,0,17,0,1,4,0,0,0,0,0,0,0,0,0,2,0,0,0,0,2,0,2,9,0,0,2,0,0,1,0,0,4,6,0,0,0,0,0,0,3,0,0,0,0,13,0,0,7,3,0,1,0,0,0,25,0,0,0,0,1,0,0,0,0,0,1,0,0,0,0,1,1,0,0,Darra,"Ducie Street Park, 75 Ebrington Street, Darra",y
20,ASHRIDGE ROAD PARK,148,MONIER ROAD,DARRA,4076,152.952774150831,-27.5597058671342,1938.98045490202,64798.0657915733,0,0,0,2,0,2,0,15,1,16,21,0,1,4,0,0,0,0,0,0,4,1,0,1,0,0,2,0,0,0,17,0,0,0,0,4,0,0,1,0,12,4,0,0,3,0,0,0,0,7,0,0,8,0,0,0,0,0,2,0,0,0,0,0,5,2,1,0,2,0,0,0,0,0,0,1,0,0,0,12,1,0,0,1,0,0,10,0,1,0,0,0,4,0,0,5,2,0,0,0,0,1,0,0,0,0,2,0,0,0,11,0,2,0,0,0,1,0,22,0,0,0,0,0,3,0,17,0,1,4,0,0,0,0,0,0,0,0,0,2,0,0,0,0,2,0,2,9,0,0,2,0,0,1,0,0,4,6,0,0,0,0,0,0,3,0,0,0,0,13,0,0,7,3,0,1,0,0,0,25,0,0,0,0,1,0,0,0,0,0,1,0,0,0,0,1,1,0,0,Darra,"Ashridge Road Park, 148 Monier Road, Darra",y
21,SANANANDA STREET PARK,961,CENTENARY HIGHWAY,DARRA,4076,152.943439199857,-27.5726042503648,1323.43062236091,91396.90886431461,0,0,0,2,0,2,0,15,1,16,21,0,1,4,0,0,0,0,0,0,4,1,0,1,0,0,2,0,0,0,17,0,0,0,0,4,0,0,1,0,12,4,0,0,3,0,0,0,0,7,0,0,8,0,0,0,0,0,2,0,0,0,0,0,5,2,1,0,2,0,0,0,0,0,0,1,0,0,0,12,1,0,0,1,0,0,10,0,1,0,0,0,4,0,0,5,2,0,0,0,0,1,0,0,0,0,2,0,0,0,11,0,2,0,0,0,1,0,22,0,0,0,0,0,3,0,17,0,1,4,0,0,0,0,0,0,0,0,0,2,0,0,0,0,2,0,2,9,0,0,2,0,0,1,0,0,4,6,0,0,0,0,0,0,3,0,0,0,0,13,0,0,7,3,0,1,0,0,0,25,0,0,0,0,1,0,0,0,0,0,1,0,0,0,0,1,1,0,0,Darra,"Sanananda Street Park, 961 Centenary Highway, Darra",y
22,PATEN PARK,45,PATEN ROAD,THE GAP,4061,152.952134356389,-27.452141640977302,1349.52679140471,64721.391360955495,0,0,0,1,0,3,0,18,0,85,70,1,8,12,0,0,9,1,1,0,31,2,2,9,0,0,22,0,0,0,120,3,3,4,0,30,0,0,7,0,18,9,1,3,3,3,0,0,0,109,0,0,25,1,0,0,3,0,69,1,1,0,0,1,58,6,0,0,4,1,0,2,7,0,0,2,0,0,3,37,4,0,0,14,0,0,53,2,10,1,0,1,67,1,0,9,24,1,0,0,3,7,0,0,2,2,4,0,5,0,60,0,10,0,2,0,10,0,221,3,0,3,0,0,15,3,104,0,3,9,4,1,1,0,0,0,1,0,1,9,0,0,1,1,1,0,17,83,10,4,4,0,1,23,1,0,25,16,1,0,0,2,2,1,34,0,9,2,0,3,6,0,54,8,0,2,1,0,2,100,2,0,0,0,14,0,3,0,11,5,5,0,2,3,1,22,10,0,1,The Gap,"Paten Park, 45 Paten Road, The Gap",y
23,CORRAMULLING PARK,98,YOORALA STREET,THE GAP,4061,152.936632366,-27.449577601999998,3278.93363458482,56503.6700211574,0,0,0,1,0,3,0,18,0,85,70,1,8,12,0,0,9,1,1,0,31,2,2,9,0,0,22,0,0,0,120,3,3,4,0,30,0,0,7,0,18,9,1,3,3,3,0,0,0,109,0,0,25,1,0,0,3,0,69,1,1,0,0,1,58,6,0,0,4,1,0,2,7,0,0,2,0,0,3,37,4,0,0,14,0,0,53,2,10,1,0,1,67,1,0,9,24,1,0,0,3,7,0,0,2,2,4,0,5,0,60,0,10,0,2,0,10,0,221,3,0,3,0,0,15,3,104,0,3,9,4,1,1,0,0,0,1,0,1,9,0,0,1,1,1,0,17,83,10,4,4,0,1,23,1,0,25,16,1,0,0,2,2,1,34,0,9,2,0,3,6,0,54,8,0,2,1,0,2,100,2,0,0,0,14,0,3,0,11,5,5,0,2,3,1,22,10,0,1,The Gap,"Corramulling Park, 136 Yoorala Street, The Gap",y
24,WITTONGA PARK,98,HILDER ROAD,THE GAP,4061,152.932912308793,-27.438766975167198,1197.8536569800199,70412.3206595325,0,0,0,1,0,3,0,18,0,85,70,1,8,12,0,0,9,1,1,0,31,2,2,9,0,0,22,0,0,0,120,3,3,4,0,30,0,0,7,0,18,9,1,3,3,3,0,0,0,109,0,0,25,1,0,0,3,0,69,1,1,0,0,1,58,6,0,0,4,1,0,2,7,0,0,2,0,0,3,37,4,0,0,14,0,0,53,2,10,1,0,1,67,1,0,9,24,1,0,0,3,7,0,0,2,2,4,0,5,0,60,0,10,0,2,0,10,0,221,3,0,3,0,0,15,3,104,0,3,9,4,1,1,0,0,0,1,0,1,9,0,0,1,1,1,0,17,83,10,4,4,0,1,23,1,0,25,16,1,0,0,2,2,1,34,0,9,2,0,3,6,0,54,8,0,2,1,0,2,100,2,0,0,0,14,0,3,0,11,5,5,0,2,3,1,22,10,0,1,The Gap,"Wittonga Park, 98 Hilder Road, The Gap",y
25,JACK PYLE PARK,283,GOWAN ROAD,SUNNYBANK HILLS,4109,153.062781445112,-27.602702670272603,941.051020866618,29499.4720963552,0,0,0,1,0,1,0,16,0,28,27,0,0,22,0,3,8,1,0,0,16,1,0,3,0,0,17,0,0,0,58,0,0,1,0,2,0,0,1,0,17,6,1,2,8,1,0,0,1,25,0,0,18,0,0,1,1,0,16,0,0,0,0,1,18,2,0,0,3,3,0,1,1,0,0,0,0,0,0,27,1,0,0,8,0,0,54,1,0,1,0,0,30,0,0,5,7,0,0,0,0,0,0,0,1,0,3,0,2,0,32,0,6,0,1,0,7,0,62,0,0,0,0,1,6,1,107,0,4,5,1,0,1,0,0,0,0,0,0,3,0,2,0,0,0,0,19,43,3,0,6,0,0,5,0,0,6,18,4,0,0,0,3,0,10,0,4,0,0,9,0,1,28,15,0,1,0,0,0,50,0,0,0,0,2,2,9,1,7,0,1,0,0,0,1,8,1,0,0,Sunnybank Hills,"Jack Pyle Park, 305 Gowan Road, Sunnybank Hills",y
26,FAIRFIELD PARK,94,FAIRFIELD ROAD,FAIRFIELD,4103,153.02665878026002,-27.503547580926103,666.157612520783,16448.7466012353,0,0,0,0,0,0,0,3,0,12,14,0,3,2,0,0,3,1,0,0,6,0,3,0,0,0,0,0,0,0,14,1,0,1,0,2,0,0,1,0,2,0,0,0,1,0,0,0,0,2,0,0,3,1,0,0,0,0,7,0,0,0,0,1,11,2,0,0,1,0,0,0,0,0,0,0,0,0,0,9,1,0,0,0,0,0,6,0,2,0,1,0,18,0,0,0,2,1,0,0,1,1,0,0,0,0,5,0,1,0,16,1,0,0,1,0,0,0,40,0,0,0,0,0,2,1,15,0,0,1,0,0,0,0,0,0,0,0,0,1,0,0,0,0,0,0,3,23,4,1,3,0,0,2,0,0,1,2,0,0,0,0,0,0,6,0,2,0,0,3,0,0,8,2,0,1,0,1,0,14,0,0,0,0,0,0,1,0,1,1,0,0,3,0,1,0,1,0,0,Fairfield,"Fairfield Park, 94 Fairfield Road, Fairfield",y
27,GEORGE SCARLETT PARK,101,PRATTEN STREET,CORINDA,4075,152.984511311185,-27.548862721495198,692.071101337177,28369.6285834931,0,0,0,0,0,1,0,6,0,22,17,1,2,8,1,0,4,0,0,0,9,0,2,3,0,0,4,0,0,0,37,3,0,2,0,6,0,0,3,1,4,1,0,0,0,2,0,0,0,26,0,0,2,0,0,0,0,0,15,0,0,0,0,0,21,3,0,1,1,0,0,0,4,0,0,0,1,0,0,16,0,0,0,1,0,0,11,0,1,0,0,0,31,0,0,8,5,0,0,0,0,3,0,0,1,1,3,0,1,0,13,0,2,0,0,0,4,0,74,0,1,1,0,0,7,0,37,0,1,3,4,0,0,0,0,0,0,0,0,0,0,1,0,0,1,0,1,46,3,2,1,0,0,1,0,0,3,3,1,0,0,0,0,1,6,0,2,1,0,5,0,0,10,1,0,1,0,1,1,23,0,0,0,0,1,0,6,0,2,2,1,0,0,0,0,0,1,0,1,Corinda,"George Scarlett Park, 101 Pratten Street, Corinda",y
28,FRENEY STREET PARK,90,FRENEY STREET,ROCKLEA,4106,153.017337685576,-27.552156180668202,2208.14583168827,64167.4425448742,0,0,0,0,0,0,0,5,0,7,9,0,0,1,0,1,1,0,0,0,2,0,0,1,0,1,0,0,0,0,11,0,0,1,0,1,0,0,0,0,5,2,0,0,0,1,0,0,0,2,0,0,5,0,0,0,0,0,1,0,1,0,0,0,3,0,0,0,0,0,0,0,0,0,0,0,0,0,0,5,0,0,0,0,0,0,5,0,3,0,0,0,0,0,0,1,1,0,0,0,0,0,0,0,0,0,0,0,0,0,9,0,0,0,0,0,0,0,8,0,0,0,0,1,1,0,8,0,0,2,0,0,0,0,0,0,0,0,0,0,0,0,0,0,1,0,2,1,0,0,0,0,0,2,0,0,0,3,0,0,0,0,1,0,0,0,0,0,0,5,1,0,0,2,0,1,0,0,0,13,0,0,0,0,1,0,0,0,2,0,0,0,0,0,0,0,1,0,0,Rocklea,"Freney Street Park, 90 Freney Street, Rocklea",y
29,DURELLA STREET PARK,315,BLUNDER ROAD,DURACK,4077,152.98057829501101,-27.593569144563897,4043.32226346274,101343.069718485,0,0,0,0,0,2,0,11,0,16,13,0,1,5,0,0,0,0,0,0,4,0,0,2,0,0,7,0,0,0,19,0,0,0,0,6,0,0,0,0,5,4,1,1,3,0,0,0,0,6,0,0,24,1,0,0,0,0,6,0,0,0,0,0,17,1,0,0,1,1,0,0,2,0,0,0,1,0,0,22,0,0,0,1,0,0,17,0,1,0,0,0,1,0,0,0,2,0,0,0,1,2,0,0,0,0,2,0,0,0,20,0,1,0,0,0,3,0,24,0,0,0,0,0,3,1,31,0,0,1,0,1,2,0,0,0,0,0,0,0,0,0,0,0,1,0,8,16,2,0,0,0,0,2,0,0,3,10,0,0,0,4,0,0,1,0,0,0,0,4,0,0,15,8,0,2,0,0,0,45,0,0,0,0,2,0,2,0,6,0,1,0,1,0,0,1,1,0,1,Durack,"Durella Street Park, 144 Durrang Street, Durack",y
30,COLMSLIE RESERVE,400,LYTTON ROAD,MORNINGSIDE,4170,153.082381033559,-27.4530215822642,2029.0269742693301,186552.68154270801,0,0,0,1,0,5,0,16,0,24,28,1,4,10,0,1,7,1,0,0,28,0,2,1,0,0,1,0,0,0,69,0,0,5,0,15,0,0,9,0,10,1,1,4,8,1,0,0,0,67,0,0,14,0,1,0,2,0,36,2,0,0,0,0,30,3,0,0,3,0,0,0,3,1,0,0,0,0,0,16,1,0,1,30,0,0,23,0,6,0,1,0,30,0,0,3,11,3,0,0,1,8,0,0,1,0,3,0,9,0,28,1,4,0,1,0,7,0,82,0,0,0,0,0,6,0,69,0,1,3,1,2,2,1,0,0,0,0,0,2,0,0,0,0,0,0,15,60,9,2,10,0,0,17,0,0,10,11,0,0,0,1,8,1,14,0,5,1,0,7,0,0,14,7,0,4,0,2,0,67,1,0,0,0,2,2,2,0,4,1,3,0,0,1,0,6,3,1,1,Morningside,"Colmslie Reserve, 420 Lytton Road, Morningside",y
31,KERALGERIE PARK,191,RICHMOND ROAD,MORNINGSIDE,4170,153.079203499563,-27.4735317047227,622.0645237445231,21486.170407411202,0,0,0,1,0,5,0,16,0,24,28,1,4,10,0,1,7,1,0,0,28,0,2,1,0,0,1,0,0,0,69,0,0,5,0,15,0,0,9,0,10,1,1,4,8,1,0,0,0,67,0,0,14,0,1,0,2,0,36,2,0,0,0,0,30,3,0,0,3,0,0,0,3,1,0,0,0,0,0,16,1,0,1,30,0,0,23,0,6,0,1,0,30,0,0,3,11,3,0,0,1,8,0,0,1,0,3,0,9,0,28,1,4,0,1,0,7,0,82,0,0,0,0,0,6,0,69,0,1,3,1,2,2,1,0,0,0,0,0,2,0,0,0,0,0,0,15,60,9,2,10,0,0,17,0,0,10,11,0,0,0,1,8,1,14,0,5,1,0,7,0,0,14,7,0,4,0,2,0,67,1,0,0,0,2,2,2,0,4,1,3,0,0,1,0,6,3,1,1,Morningside,"Keralgerie Park, 191 Richmond Road, Morningside",y
32,SHAFTESBURY STREET PARK,59,SHAFTESBURY STREET,TARRAGINDI,4121,153.041439230249,-27.518778149328,1328.39916296386,34748.4403055248,0,0,2,1,0,3,0,21,2,44,44,5,5,17,0,0,6,4,0,0,24,0,0,3,1,0,12,0,0,0,98,0,0,3,0,15,0,0,9,1,12,10,0,3,5,3,0,0,1,71,0,0,13,1,0,0,0,0,31,1,0,0,0,1,22,4,0,0,6,0,0,0,9,1,0,0,1,0,0,32,2,0,0,7,0,1,33,1,2,0,0,0,40,0,1,7,18,0,0,0,3,2,0,0,0,0,7,0,4,3,34,0,4,0,0,0,4,0,134,0,0,0,0,0,7,1,79,2,2,2,5,1,1,0,0,0,0,3,0,2,1,0,1,0,2,0,7,76,6,4,5,0,0,10,0,0,23,12,0,0,0,0,3,4,17,0,4,4,0,8,2,1,28,10,0,2,1,1,0,63,3,0,0,0,6,0,8,1,8,3,3,0,0,0,0,18,7,0,0,Tarragindi,"Shaftesbury Street Park, 59 Shaftesbury Street, Tarragindi",y
33,DOULTON STREET PARK,30,DOULTON STREET,CALAMVALE,4116,153.05102167859502,-27.6376117900361,2317.5215899276,117477.861035345,0,0,2,0,2,3,0,15,0,13,21,0,2,5,0,0,5,0,0,0,10,0,0,0,0,0,10,0,1,0,44,0,2,0,0,2,0,0,1,0,5,4,0,0,6,0,0,0,1,22,0,0,17,1,1,0,1,0,12,0,0,0,0,0,19,1,0,0,2,1,0,0,1,0,0,0,0,0,0,29,1,0,0,7,0,0,34,0,0,0,0,0,22,0,0,2,2,0,0,0,1,0,0,0,0,0,1,0,0,0,31,0,6,0,0,0,5,0,67,0,0,0,0,0,9,1,95,0,1,2,3,0,0,1,0,0,0,0,0,2,0,0,0,0,1,0,9,46,4,1,6,0,1,7,0,0,4,8,0,0,0,0,2,0,7,0,5,0,0,2,4,1,29,20,0,1,0,0,0,45,0,0,0,2,3,0,10,0,3,0,8,0,1,0,0,3,1,0,2,Calamvale,"Doulton Street Park, 154 Illaweena Street, Calamvale",y
34,CALAMVALE DISTRICT PARK,31,FORMBY STREET,CALAMVALE,4116,153.038091963995,-27.6212412879418,2272.30899097963,138613.046405782,0,0,2,0,2,3,0,15,0,13,21,0,2,5,0,0,5,0,0,0,10,0,0,0,0,0,10,0,1,0,44,0,2,0,0,2,0,0,1,0,5,4,0,0,6,0,0,0,1,22,0,0,17,1,1,0,1,0,12,0,0,0,0,0,19,1,0,0,2,1,0,0,1,0,0,0,0,0,0,29,1,0,0,7,0,0,34,0,0,0,0,0,22,0,0,2,2,0,0,0,1,0,0,0,0,0,1,0,0,0,31,0,6,0,0,0,5,0,67,0,0,0,0,0,9,1,95,0,1,2,3,0,0,1,0,0,0,0,0,2,0,0,0,0,1,0,9,46,4,1,6,0,1,7,0,0,4,8,0,0,0,0,2,0,7,0,5,0,0,2,4,1,29,20,0,1,0,0,0,45,0,0,0,2,3,0,10,0,3,0,8,0,1,0,0,3,1,0,2,Calamvale,"Calamvale District Park, 31 Formby Street, Calamvale",y
35,BRADBURY PARK,91,KITCHENER ROAD,KEDRON,4031,153.02793127503,-27.3961575179988,1696.00947034989,108529.279983712,0,2,1,0,0,2,0,16,0,36,34,3,10,6,0,0,1,0,0,2,17,1,0,2,0,0,12,0,0,0,67,0,0,3,0,11,0,0,9,0,10,1,0,2,4,0,0,0,0,62,0,0,10,0,1,0,0,0,36,0,0,0,0,1,34,4,0,0,0,2,0,0,2,0,0,1,0,0,0,31,0,1,0,8,0,0,16,1,3,0,0,0,37,0,0,7,11,2,0,0,2,0,0,0,0,0,3,0,2,0,43,0,1,0,0,0,5,0,90,1,0,0,0,0,5,4,73,0,1,0,2,1,3,0,0,1,0,0,0,2,0,0,0,0,1,0,8,48,6,1,8,0,0,20,0,0,6,9,0,0,0,0,3,1,18,0,10,1,0,2,2,1,22,10,0,3,0,2,0,54,1,1,0,0,4,0,7,0,1,2,2,0,1,1,0,9,11,1,0,Kedron,"Bradbury Park, 91 Kitchener Road, Kedron",y
36,GREENWAYS ESPLANADE PARK,30,GREENWAYS ESPLANADE,PARKINSON,4115,153.019955775391,-27.6365855198813,798.484620074809,41904.8018848754,0,0,1,0,0,6,0,24,1,14,13,2,1,13,0,0,1,1,0,0,26,0,0,0,0,0,21,0,0,0,53,1,0,3,0,5,0,0,3,0,8,4,0,3,6,1,0,0,0,46,0,0,18,0,1,0,1,0,10,1,0,0,0,0,23,0,0,0,1,1,0,0,0,1,0,0,0,0,0,27,0,0,0,2,0,0,19,1,0,0,0,0,21,0,0,1,8,0,0,0,0,1,0,0,1,0,0,0,0,0,27,0,1,0,0,0,8,0,68,0,0,0,0,0,9,0,91,0,2,2,0,1,2,0,0,0,0,0,0,3,0,0,0,0,0,0,12,47,2,0,1,0,1,12,0,0,16,14,1,0,0,0,3,0,4,0,1,0,0,3,3,4,24,10,0,0,0,0,0,56,1,0,0,0,6,1,4,0,5,1,0,0,0,0,0,8,3,0,2,Parkinson,"Greenways Esplanade Park, 30 Greenways Esplanade, Parkinson",y
37,KIANAWAH PARK,1555,WYNNUM ROAD,TINGALPA,4173,153.124803341111,-27.477775257565604,2347.15443120099,266493.50467468303,0,0,0,1,0,3,0,35,0,26,49,1,4,12,0,1,3,0,0,0,19,1,0,1,2,0,4,0,0,0,56,1,0,2,0,14,0,2,3,0,19,3,1,2,7,3,0,0,1,38,0,0,22,0,1,1,2,0,17,0,0,0,0,0,25,4,0,0,1,3,0,2,2,0,0,0,0,0,0,29,3,0,0,10,0,0,31,0,0,0,0,0,22,0,0,7,13,1,0,0,4,1,0,0,1,0,4,0,1,0,25,1,1,0,2,0,6,0,75,0,0,2,0,0,10,2,88,0,3,1,0,1,2,0,0,0,0,0,0,6,1,0,0,0,0,0,7,31,6,0,5,0,0,13,0,0,11,16,0,0,0,0,0,0,7,0,3,1,0,6,5,0,31,11,1,4,0,1,1,73,0,0,0,0,5,0,2,0,6,2,4,0,1,0,0,3,4,0,0,Tingalpa,"Kianawah Park, 1555 Wynnum Road, Tingalpa",y
38,PAUL CONTI PARK,39,RAGNOR ROAD,HEMMANT,4174,153.12774308548902,-27.4508207689645,1214.25250496571,58324.152856018205,0,0,0,0,0,0,0,10,1,15,8,2,3,1,0,0,2,2,0,0,11,0,0,0,0,0,3,0,0,0,22,1,0,0,0,4,0,0,1,0,7,2,0,1,6,0,0,0,0,12,0,0,7,0,0,0,0,0,7,0,0,0,0,0,11,0,0,0,2,1,0,0,1,0,0,0,0,0,0,10,0,0,0,3,0,0,24,1,2,0,0,0,11,0,0,4,3,1,0,0,0,0,0,0,0,0,1,0,0,0,9,0,0,0,0,0,4,0,21,0,0,1,0,0,1,0,19,0,1,3,2,1,2,0,0,0,0,0,0,0,0,0,0,1,0,0,3,11,0,0,3,0,0,4,0,0,3,7,0,0,0,0,0,1,2,0,0,0,0,6,0,0,7,6,0,0,0,0,0,39,0,0,0,0,0,0,1,0,1,1,0,0,0,0,0,1,3,0,0,Hemmant,"Paul Conti Park, 124 Hemmant-Tingalpa Road, Hemmant",y
39,JIM WILDING RESERVE,35,TALLOWWOOD PLACE,BRIDGEMAN DOWNS,4035,152.997026561,-27.367520245999998,3039.09249088882,71246.4851572877,0,0,0,1,0,1,0,6,1,23,31,2,4,8,0,0,2,0,0,0,30,1,0,6,3,0,24,0,0,0,57,2,0,2,0,9,0,0,5,0,8,6,0,2,3,3,0,0,1,83,0,0,19,0,0,0,0,0,30,1,1,0,0,0,21,1,0,0,4,2,1,0,2,0,0,0,1,0,0,27,0,0,0,10,0,0,49,0,3,0,0,0,59,0,0,6,5,1,0,0,1,4,0,0,0,0,0,1,2,0,33,1,4,0,1,0,11,0,86,0,0,2,0,0,16,1,100,0,2,1,2,2,2,0,0,0,0,0,0,5,0,1,0,0,1,0,9,60,7,1,13,0,0,13,0,0,8,10,0,0,0,0,5,2,20,0,3,2,0,1,4,0,44,8,0,3,1,0,1,67,0,0,0,0,2,0,5,0,8,3,3,0,0,0,0,8,1,0,4,Bridgeman Downs,"Jim Wilding Reserve, 35 Tallowwood Place, Bridgeman Downs",y
40,BANCROFT PARK,360,KELVIN GROVE ROAD,KELVIN GROVE,4059,153.00601326977,-27.443776632107898,575.912684592305,15763.7997543393,0,0,0,0,0,0,0,5,0,10,16,1,0,0,0,0,1,0,0,0,15,0,0,3,0,0,9,0,0,0,22,1,0,0,0,4,0,0,0,0,6,1,0,0,1,0,0,0,0,20,0,0,3,0,2,0,0,0,11,1,0,1,0,0,14,1,0,0,0,0,0,0,1,0,0,0,1,0,0,10,0,0,0,5,0,0,9,0,1,0,0,0,9,2,0,2,5,0,0,0,0,1,0,0,1,1,0,0,1,0,11,0,2,0,0,0,0,0,29,0,0,0,0,0,4,0,19,0,0,0,1,0,0,0,0,0,0,1,0,1,0,1,0,0,0,0,5,25,4,1,3,0,0,7,0,0,3,2,0,0,0,0,0,0,11,0,2,1,0,3,2,1,10,2,0,1,0,1,0,27,0,0,0,0,0,0,0,0,1,1,1,0,3,0,0,3,3,0,1,Kelvin Grove,"Bancroft Park, 360 Kelvin Grove Road, Kelvin Grove",y
41,BULIMBA RIVERSIDE PARK,57,ADDISON AVENUE,BULIMBA,4171,153.053815622271,-27.4538256722367,1607.77099650996,25128.188399167,1,2,3,0,0,0,0,9,0,14,15,0,2,4,0,1,2,0,0,0,8,0,0,0,0,0,6,0,0,0,32,2,0,12,0,5,0,0,7,1,6,3,0,1,4,1,0,0,0,78,0,0,12,0,1,0,5,0,26,0,0,0,1,0,19,1,0,0,4,0,0,0,4,1,0,0,0,0,0,16,1,0,0,13,0,1,8,0,5,0,3,0,43,0,0,1,7,1,0,0,1,4,0,0,0,0,2,0,5,0,14,0,1,0,0,0,3,0,61,3,0,2,0,0,9,0,48,0,1,1,0,0,0,0,0,0,1,0,0,3,0,1,0,0,0,0,14,72,6,1,12,0,0,16,0,0,5,10,0,0,0,0,4,0,23,0,5,0,0,6,1,0,19,4,0,1,0,1,0,25,0,0,0,0,3,1,5,0,2,1,5,0,1,0,0,11,2,0,0,Bulimba,"Bulimba Riverside Park, 57 Addison Avenue, Bulimba",y
42,SIR JOHN CHANDLER PARK,293B,MEIERS ROAD,INDOOROOPILLY,4068,152.994345266597,-27.5165809026537,6184.234560958051,706715.0262626191,0,0,1,0,0,0,0,6,0,21,23,3,4,6,0,0,2,0,0,1,17,1,1,2,0,0,6,0,0,0,56,2,0,2,0,7,0,0,6,1,5,0,1,0,0,1,0,0,0,42,0,0,5,0,1,0,0,0,16,0,0,0,0,1,24,3,0,0,2,0,0,0,3,0,0,0,0,0,0,20,0,0,0,12,0,1,18,0,5,0,0,0,32,0,0,3,13,0,0,2,4,4,0,0,0,3,1,0,5,0,35,0,1,0,0,0,7,0,94,6,1,1,0,0,7,0,63,0,2,1,1,1,1,0,0,0,0,0,0,3,0,0,0,0,4,0,5,68,7,0,4,0,0,6,0,0,4,12,1,0,0,0,0,0,17,0,6,0,0,3,5,1,23,6,0,2,1,2,0,41,0,0,0,0,3,0,10,0,6,2,0,0,1,0,0,13,11,0,2,Indooroopilly,"Sir John Chandler Park, 151 Harts Road, Indooroopilly",y
43,MILTON PARK,316,MILTON ROAD,MILTON,4064,153.00063883463199,-27.471029834620598,520.317751411539,17430.1261765806,0,0,0,0,0,0,0,1,0,3,2,0,0,2,0,0,0,0,0,0,2,1,0,0,0,0,2,0,0,0,11,1,0,3,0,1,0,0,0,0,0,1,0,1,1,0,0,0,0,7,0,0,5,1,0,0,1,0,2,0,0,0,0,0,4,0,0,0,3,0,0,0,0,0,0,0,0,0,0,1,0,0,0,5,0,0,1,0,1,1,0,0,2,0,0,2,3,0,0,0,0,1,0,0,0,0,0,0,3,0,10,0,0,0,0,0,0,0,14,0,0,0,0,0,3,0,11,0,0,1,0,0,0,0,0,0,0,0,0,0,0,0,0,0,0,0,2,9,0,0,1,0,0,3,0,0,0,1,1,0,0,0,0,0,2,0,0,1,0,0,1,0,4,0,0,0,0,0,0,7,0,0,0,0,0,0,0,0,0,0,1,0,0,0,0,3,0,0,0,Milton,"Milton Park, 28 Eagle Terrace, Milton",y
44,WALLY BOURKE PARK,4,KATE STREET,GORDON PARK,4031,153.02966486521,-27.421407763057605,767.732125050987,14430.248708775,0,0,0,0,0,3,0,8,0,19,12,0,5,3,0,3,2,0,0,1,7,0,0,0,0,0,4,0,0,0,22,2,0,4,0,3,0,0,0,0,4,1,0,1,1,0,0,0,0,35,0,0,6,0,0,1,0,0,15,0,0,0,0,1,20,3,0,0,2,0,0,0,2,0,0,0,0,0,0,14,1,2,0,8,0,0,10,1,1,0,0,0,16,0,0,1,3,0,0,1,2,5,0,0,2,1,2,0,2,0,8,0,3,0,0,0,4,0,50,0,1,0,0,0,2,0,37,0,0,1,0,1,1,0,0,0,0,0,0,0,0,1,1,0,0,0,7,32,3,0,2,0,1,9,0,0,7,3,0,0,0,0,2,0,9,0,1,0,0,4,0,0,12,5,0,0,0,1,0,20,0,0,0,0,1,0,4,1,2,2,2,0,0,0,0,3,2,0,0,Gordon Park,"Wally Bourke Park, 10 Kate Street, Gordon Park",y
45,KOKODA PARK,7,TINDAL STREET,GORDON PARK,4031,153.027630612689,-27.421798072317,734.564920486897,11903.877472257,0,0,0,0,0,3,0,8,0,19,12,0,5,3,0,3,2,0,0,1,7,0,0,0,0,0,4,0,0,0,22,2,0,4,0,3,0,0,0,0,4,1,0,1,1,0,0,0,0,35,0,0,6,0,0,1,0,0,15,0,0,0,0,1,20,3,0,0,2,0,0,0,2,0,0,0,0,0,0,14,1,2,0,8,0,0,10,1,1,0,0,0,16,0,0,1,3,0,0,1,2,5,0,0,2,1,2,0,2,0,8,0,3,0,0,0,4,0,50,0,1,0,0,0,2,0,37,0,0,1,0,1,1,0,0,0,0,0,0,0,0,1,1,0,0,0,7,32,3,0,2,0,1,9,0,0,7,3,0,0,0,0,2,0,9,0,1,0,0,4,0,0,12,5,0,0,0,1,0,20,0,0,0,0,1,0,4,1,2,2,2,0,0,0,0,3,2,0,0,Gordon Park,"Kokoda Park, 7 Tindal Street, Gordon Park",y
46,ARCHER STREET PARK,26,ARCHER STREET,GORDON PARK,4031,153.024944625584,-27.4216825737009,604.748690037644,8993.17701769389,0,0,0,0,0,3,0,8,0,19,12,0,5,3,0,3,2,0,0,1,7,0,0,0,0,0,4,0,0,0,22,2,0,4,0,3,0,0,0,0,4,1,0,1,1,0,0,0,0,35,0,0,6,0,0,1,0,0,15,0,0,0,0,1,20,3,0,0,2,0,0,0,2,0,0,0,0,0,0,14,1,2,0,8,0,0,10,1,1,0,0,0,16,0,0,1,3,0,0,1,2,5,0,0,2,1,2,0,2,0,8,0,3,0,0,0,4,0,50,0,1,0,0,0,2,0,37,0,0,1,0,1,1,0,0,0,0,0,0,0,0,1,1,0,0,0,7,32,3,0,2,0,1,9,0,0,7,3,0,0,0,0,2,0,9,0,1,0,0,4,0,0,12,5,0,0,0,1,0,20,0,0,0,0,1,0,4,1,2,2,2,0,0,0,0,3,2,0,0,Gordon Park,"Archer Street Park, 26 Archer Street, Gordon Park",y
47,AMELIA PARK,17,MCCORD STREET,GORDON PARK,4031,153.033271809409,-27.4162299839391,1933.9179740136701,39636.1257197199,0,0,0,0,0,3,0,8,0,19,12,0,5,3,0,3,2,0,0,1,7,0,0,0,0,0,4,0,0,0,22,2,0,4,0,3,0,0,0,0,4,1,0,1,1,0,0,0,0,35,0,0,6,0,0,1,0,0,15,0,0,0,0,1,20,3,0,0,2,0,0,0,2,0,0,0,0,0,0,14,1,2,0,8,0,0,10,1,1,0,0,0,16,0,0,1,3,0,0,1,2,5,0,0,2,1,2,0,2,0,8,0,3,0,0,0,4,0,50,0,1,0,0,0,2,0,37,0,0,1,0,1,1,0,0,0,0,0,0,0,0,1,1,0,0,0,7,32,3,0,2,0,1,9,0,0,7,3,0,0,0,0,2,0,9,0,1,0,0,4,0,0,12,5,0,0,0,1,0,20,0,0,0,0,1,0,4,1,2,2,2,0,0,0,0,3,2,0,0,Gordon Park,"Amelia Park, 54A Swan Street, Gordon Park",y
48,NEAL MACROSSAN PLAYGROUND PARK,14,CAROLINE STREET,PADDINGTON,4064,153.010287943179,-27.4622763879429,688.08533796959,13989.8766277905,0,0,0,0,0,4,0,11,0,22,26,0,5,5,0,0,4,2,0,0,16,0,1,0,0,0,7,0,0,0,46,2,0,4,0,7,0,0,1,0,8,1,0,0,2,5,0,0,0,48,0,0,12,3,3,0,1,0,34,0,0,0,0,1,41,1,0,0,4,0,0,0,5,1,0,0,0,0,0,14,3,0,0,8,0,0,19,2,3,0,0,1,38,0,0,3,15,2,0,0,2,8,0,0,2,0,6,0,0,0,26,0,2,0,0,1,5,0,87,2,0,1,0,0,4,1,44,0,1,2,5,0,0,0,0,0,0,1,0,1,0,0,0,0,0,0,5,73,5,2,5,0,1,9,0,0,4,0,2,0,0,0,2,0,22,0,5,4,0,4,2,0,14,3,0,1,0,2,0,36,0,0,0,1,3,0,1,2,5,4,4,0,1,0,0,18,7,0,2,Paddington,"Neal Macrossan Playground Park, 14 Caroline Street, Paddington",y
49,HICKEY PARK,35,BABARRA STREET,STAFFORD,4053,153.020194216119,-27.4149054976462,1832.7821323396697,110589.67541182,0,0,0,0,0,3,0,16,0,28,24,0,0,3,0,0,3,0,0,0,13,0,0,1,0,0,2,0,0,0,53,2,0,3,0,9,0,0,4,1,9,5,0,2,4,1,0,0,0,28,0,0,17,1,0,1,0,0,19,0,0,0,0,0,39,4,0,0,3,2,0,0,3,0,0,0,0,0,0,19,1,0,0,7,0,0,24,1,4,1,0,0,24,0,0,1,12,0,0,0,2,3,0,0,0,0,1,0,3,0,22,0,0,0,0,1,2,0,64,0,0,0,0,0,5,0,49,0,4,2,3,2,0,0,0,0,0,0,0,1,0,0,0,0,0,0,12,34,2,1,7,0,0,10,0,0,10,9,0,0,0,0,1,0,9,1,6,0,0,2,1,0,13,4,0,2,2,1,0,53,0,0,0,0,2,0,1,1,1,1,1,0,4,0,0,2,7,0,0,Stafford,"Hickey Park, 71 Gamelin Crescent, Stafford",y
50,ROY HARVEY PARK,34,BYTH STREET,STAFFORD,4053,153.006230667089,-27.4105942736939,679.026871037688,26946.4461515736,0,0,0,0,0,3,0,16,0,28,24,0,0,3,0,0,3,0,0,0,13,0,0,1,0,0,2,0,0,0,53,2,0,3,0,9,0,0,4,1,9,5,0,2,4,1,0,0,0,28,0,0,17,1,0,1,0,0,19,0,0,0,0,0,39,4,0,0,3,2,0,0,3,0,0,0,0,0,0,19,1,0,0,7,0,0,24,1,4,1,0,0,24,0,0,1,12,0,0,0,2,3,0,0,0,0,1,0,3,0,22,0,0,0,0,1,2,0,64,0,0,0,0,0,5,0,49,0,4,2,3,2,0,0,0,0,0,0,0,1,0,0,0,0,0,0,12,34,2,1,7,0,0,10,0,0,10,9,0,0,0,0,1,0,9,1,6,0,0,2,1,0,13,4,0,2,2,1,0,53,0,0,0,0,2,0,1,1,1,1,1,0,4,0,0,2,7,0,0,Stafford,"Roy Harvey Park, 34 Byth Street, Stafford",y
51,WALLY TATE PARK,1406,BEENLEIGH ROAD,KURABY,4112,153.090919483,-27.602459219,10273.9127669251,631741.732052392,0,0,0,0,0,1,0,7,0,8,6,0,0,3,0,0,2,0,0,0,11,1,0,1,0,0,5,0,0,0,25,1,0,1,0,1,0,0,1,1,3,2,0,1,6,5,0,0,0,22,0,0,7,0,0,0,1,0,6,0,0,0,0,1,14,1,0,0,2,0,0,0,2,0,0,0,2,0,0,14,0,0,0,1,0,0,21,0,0,2,0,0,14,0,0,2,0,0,0,0,0,1,0,0,0,0,3,0,0,0,15,0,0,0,1,0,3,0,27,2,0,0,0,0,4,1,46,0,2,0,1,0,1,0,0,0,0,0,0,2,0,1,0,0,2,0,2,27,0,1,3,0,0,0,0,0,5,15,1,0,0,0,0,0,5,0,1,1,0,3,0,0,11,2,0,0,0,0,0,17,0,0,0,0,2,1,2,0,1,3,2,1,0,1,0,2,2,0,1,Runcorn,"Wally Tate Park, 95 Warrigal Road, Runcorn",y
52,EVERGREEN PLACE PARK,41,ROSEWOOD PLACE,MURARRIE,4172,153.092061978821,-27.4646170951125,1436.14044566172,51231.65354158731,0,0,0,0,0,1,0,22,0,19,10,1,1,7,0,0,1,0,0,2,9,0,0,1,0,0,6,0,0,0,26,0,0,0,0,9,0,0,1,0,6,1,0,2,5,0,0,0,0,37,0,0,6,0,0,0,0,0,7,0,0,0,0,0,12,0,0,0,0,0,0,0,0,0,0,0,0,0,0,9,0,0,0,7,0,0,8,0,2,0,0,0,12,0,0,3,4,0,0,0,0,2,0,0,0,0,4,0,0,0,17,0,4,0,0,0,3,0,51,0,0,1,0,0,4,0,37,0,0,1,0,0,0,1,0,0,0,1,1,1,0,0,0,0,0,1,3,27,3,0,1,0,0,10,0,0,6,8,1,0,0,1,2,0,6,0,2,0,0,4,0,0,9,6,0,1,0,0,0,43,0,0,0,0,1,0,1,0,2,1,3,0,0,0,0,9,6,0,0,Murarrie,"Evergreen Place Park, 41 Rosewood Place, Murarrie",y
53,KERYN PLACE PARK,61,MUNGARIE STREET,KEPERRA,4054,152.945590178679,-27.420936767441003,538.160290751072,13107.7631701036,0,1,0,2,0,2,0,23,0,40,56,0,1,6,0,1,4,0,0,1,11,0,0,5,0,0,4,0,0,0,61,0,0,4,0,19,0,0,2,2,7,4,1,2,4,1,0,0,2,26,0,0,20,1,1,2,1,0,14,0,0,0,0,0,20,2,0,0,3,1,1,0,4,0,0,0,1,0,0,19,0,2,0,7,0,0,33,2,6,1,0,0,14,0,0,5,12,0,0,0,0,4,0,0,0,2,2,0,0,0,16,0,0,0,0,0,4,0,76,1,0,0,0,0,2,0,53,0,0,6,2,0,0,0,0,0,0,1,1,0,0,0,1,0,2,0,8,21,8,1,1,0,0,13,1,0,4,17,0,0,0,0,2,0,6,0,3,1,0,5,2,0,21,12,0,2,0,0,0,86,1,0,0,0,6,0,5,1,8,0,2,0,1,0,0,4,5,0,3,Keperra,"Keryn Place Park, 46 Mungarie Street, Keperra",y
54,DASH STREET PARK,32,DUGGAN STREET,KEPERRA,4054,152.955452428281,-27.4090919805399,1063.09106132069,35323.0441004541,0,1,0,2,0,2,0,23,0,40,56,0,1,6,0,1,4,0,0,1,11,0,0,5,0,0,4,0,0,0,61,0,0,4,0,19,0,0,2,2,7,4,1,2,4,1,0,0,2,26,0,0,20,1,1,2,1,0,14,0,0,0,0,0,20,2,0,0,3,1,1,0,4,0,0,0,1,0,0,19,0,2,0,7,0,0,33,2,6,1,0,0,14,0,0,5,12,0,0,0,0,4,0,0,0,2,2,0,0,0,16,0,0,0,0,0,4,0,76,1,0,0,0,0,2,0,53,0,0,6,2,0,0,0,0,0,0,1,1,0,0,0,1,0,2,0,8,21,8,1,1,0,0,13,1,0,4,17,0,0,0,0,2,0,6,0,3,1,0,5,2,0,21,12,0,2,0,0,0,86,1,0,0,0,6,0,5,1,8,0,2,0,1,0,0,4,5,0,3,Keperra,"Dash Street Park, 32 Duggan Street, Keperra",y
55,DECKER PARK,18,TWENTY-FIFTH AVENUE,BRIGHTON,4017,153.064186438955,-27.2859498935103,1376.68993394739,58528.9703398551,0,1,2,2,0,1,0,34,0,55,68,0,9,7,0,0,4,0,0,2,16,1,0,4,0,1,7,0,0,1,99,1,0,2,0,17,0,0,8,1,27,6,0,4,8,3,0,0,0,52,0,0,23,2,0,1,0,0,28,0,0,0,0,0,45,6,0,0,5,1,0,0,6,2,0,0,0,0,0,51,1,1,0,8,0,0,36,0,0,1,1,0,44,0,0,20,21,0,0,0,1,6,0,0,2,0,9,0,0,0,44,0,1,0,1,1,4,0,131,0,1,1,0,0,10,0,79,0,3,10,5,3,6,0,0,0,0,0,0,5,0,1,0,0,1,0,9,62,6,1,6,0,0,17,0,0,16,12,2,0,0,0,1,1,5,0,4,1,0,3,0,0,44,5,0,1,0,0,2,117,0,0,0,0,10,0,10,0,5,0,1,0,1,0,0,12,6,0,2,Brighton,"Decker Park, 18 Twenty-Fifth Avenue, Brighton",y
56,VECTIS STREET PARK,31,HALIFAX STREET,NORMAN PARK,4170,153.059107324932,-27.481011239057104,1281.1279790905,49680.949993296905,0,0,4,0,0,0,0,9,0,14,24,0,1,5,0,1,2,0,0,0,10,1,0,0,0,1,9,0,0,0,61,1,0,3,0,8,0,3,4,0,6,3,0,2,3,2,0,0,0,53,0,0,7,1,0,0,2,0,19,0,0,0,0,0,24,2,0,0,3,2,0,0,1,0,0,2,0,0,0,18,0,1,0,8,0,0,13,0,2,0,0,0,30,0,0,6,5,1,0,0,0,2,0,0,0,1,2,0,4,0,10,0,2,1,0,0,3,0,81,3,1,1,0,0,3,1,28,1,3,6,5,1,0,0,0,0,0,0,0,0,1,0,0,0,3,0,6,33,7,0,8,0,2,4,0,0,7,17,4,0,0,0,1,0,8,0,4,2,0,2,0,1,8,6,0,2,1,0,2,44,0,0,0,0,2,0,1,0,1,2,1,0,1,0,0,15,3,1,0,Norman Park,"Vectis Street Park, 165 Norman Avenue, Norman Park",y
57,PALLARA PARK,380,GOODERHAM ROAD,WILLAWONG,4110,153.011857750625,-27.6113825412389,1779.04889738108,163669.346214642,0,0,0,0,0,1,0,0,0,1,1,0,0,0,0,0,0,0,0,0,0,0,0,0,0,0,0,0,0,0,0,0,0,0,0,0,0,0,0,0,1,0,0,0,0,0,0,0,0,0,0,0,1,0,0,0,0,0,1,0,0,0,0,0,0,0,0,0,0,0,0,0,0,0,0,0,0,0,0,0,0,0,0,0,0,0,3,0,0,0,0,0,0,0,0,1,1,0,0,0,0,0,0,0,0,0,1,0,0,0,0,0,0,0,0,0,0,0,1,0,0,0,0,0,0,0,0,0,0,0,0,0,2,0,0,0,0,0,0,0,0,0,0,0,0,0,0,0,0,0,0,0,0,0,0,0,0,1,0,0,0,0,0,0,0,0,0,0,0,0,0,0,0,0,0,0,0,0,0,1,0,0,0,0,0,0,0,0,1,0,0,0,0,0,0,0,0,0,0,Willawong,"Pallara Park, 380 Gooderham Road, Willawong",y
58,BILL LAMOND PARK,34,ANDREW STREET,LOTA,4179,153.186577415225,-27.4723497307721,1378.49410653502,55265.884872493,0,0,1,0,0,0,0,6,0,18,20,2,1,3,0,0,2,0,0,0,9,0,0,1,0,0,3,0,0,0,37,0,0,1,0,5,0,0,1,0,7,3,0,0,0,1,0,0,0,15,0,0,8,0,0,0,0,0,7,0,0,0,0,0,13,3,0,0,3,1,0,0,0,1,0,0,1,0,1,8,1,0,0,1,0,0,11,0,2,0,1,0,4,0,0,2,5,0,0,0,0,0,0,0,0,0,3,0,0,0,12,0,0,0,0,0,2,0,40,0,0,0,0,0,6,0,29,0,0,0,2,0,1,1,0,0,1,0,0,3,0,0,0,0,1,0,0,27,1,0,1,0,0,6,0,0,5,7,0,0,0,1,0,0,2,0,4,0,0,0,0,0,11,3,0,0,0,2,0,37,0,0,0,0,0,0,0,0,0,2,0,0,0,0,0,8,5,0,1,Lota,"Bill Lamond Park, 34 Andrew Street, Lota",y
59,EDENBROOKE PARK,97,EDENBROOKE DRIVE,SEVENTEEN MILE ROCKS,4073,152.951602094,-27.554361759000003,6466.019121492111,272130.019606231,0,0,0,0,1,0,0,7,0,15,8,0,0,2,0,1,1,0,0,0,7,1,0,0,0,0,3,0,0,0,13,0,0,0,0,6,0,0,1,0,1,1,0,0,0,1,0,0,0,16,0,0,5,0,0,0,0,0,7,0,0,0,0,0,7,0,0,0,0,0,0,0,1,1,0,0,0,0,1,11,0,0,0,4,0,0,9,0,0,0,0,0,14,0,0,2,8,0,0,0,0,0,0,0,0,0,0,0,0,0,11,0,2,0,0,0,0,0,34,0,0,0,0,0,2,0,22,0,0,2,3,0,0,0,0,0,0,0,0,0,0,0,0,0,1,0,3,17,0,0,1,0,0,1,0,0,4,0,0,0,0,0,0,0,2,0,1,1,0,2,0,1,7,6,0,0,0,0,0,21,0,0,0,0,4,0,1,0,3,0,1,0,0,1,0,2,4,0,1,Seventeen Mile Rocks,"Edenbrooke Park, 161 Bellwood Street, Seventeen Mile Rocks",y
60,DELAPINE PLACE PARK,6,DELAPINE PLACE,SEVENTEEN MILE ROCKS,4073,152.96071661965098,-27.5470004962721,379.783007484608,3920.0360547975106,0,0,0,0,1,0,0,7,0,15,8,0,0,2,0,1,1,0,0,0,7,1,0,0,0,0,3,0,0,0,13,0,0,0,0,6,0,0,1,0,1,1,0,0,0,1,0,0,0,16,0,0,5,0,0,0,0,0,7,0,0,0,0,0,7,0,0,0,0,0,0,0,1,1,0,0,0,0,1,11,0,0,0,4,0,0,9,0,0,0,0,0,14,0,0,2,8,0,0,0,0,0,0,0,0,0,0,0,0,0,11,0,2,0,0,0,0,0,34,0,0,0,0,0,2,0,22,0,0,2,3,0,0,0,0,0,0,0,0,0,0,0,0,0,1,0,3,17,0,0,1,0,0,1,0,0,4,0,0,0,0,0,0,0,2,0,1,1,0,2,0,1,7,6,0,0,0,0,0,21,0,0,0,0,4,0,1,0,3,0,1,0,0,1,0,2,4,0,1,Seventeen Mile Rocks,"Delapine Place Park, 6 Delapine Place, Seventeen Mile Rocks",y
61,SUNSET PARK,30,MONOPLANE STREET,ASHGROVE,4060,152.97291830664,-27.4520308087044,1449.80367541003,78624.55431084559,1,0,3,2,0,0,0,10,0,40,55,2,3,8,0,1,5,2,0,0,33,1,0,4,0,1,24,0,0,0,87,3,0,5,0,15,0,0,11,0,7,6,0,0,2,3,0,0,0,106,0,0,12,2,2,0,0,0,57,2,0,1,0,0,36,11,0,0,4,1,0,0,8,0,0,0,1,0,2,28,2,0,0,13,0,1,33,0,6,1,1,0,92,0,0,14,11,2,0,0,4,4,0,0,1,0,1,0,1,0,35,0,1,0,1,0,11,0,180,2,0,3,0,0,10,2,87,1,1,2,3,1,0,0,0,0,1,0,7,2,0,1,0,0,6,0,5,97,11,6,14,0,5,12,0,0,24,7,1,0,0,1,1,0,39,0,8,1,0,3,3,1,29,2,0,1,1,1,0,71,0,0,0,0,4,0,5,0,4,4,2,0,2,0,1,15,8,0,0,Bardon,"Sunset Park, 105 Barnett Road, Bardon",y
62,CURLEW PARK,74,CURLEW STREET,SANDGATE,4017,153.07280798701902,-27.325580235213398,3525.6741216847795,274720.090467282,0,0,4,1,0,0,0,6,0,21,30,2,2,8,0,0,2,0,0,0,8,0,0,2,0,0,2,0,0,0,34,1,0,3,0,3,1,0,4,0,7,5,0,1,1,3,0,0,0,23,0,0,5,0,1,1,3,0,16,0,0,1,0,0,9,1,0,0,2,0,0,0,2,0,0,0,0,0,0,19,1,0,0,2,0,0,15,0,4,1,1,0,20,0,0,2,9,0,0,1,0,3,0,0,0,1,3,0,0,0,17,0,0,0,0,0,3,0,55,2,0,0,0,0,11,0,36,1,1,6,1,0,0,1,0,0,0,0,2,1,0,0,0,0,4,0,6,40,1,1,2,0,1,5,1,0,9,6,1,0,0,0,1,0,18,0,5,2,0,2,1,0,15,5,0,0,0,2,0,38,2,0,0,0,0,0,2,0,6,1,1,0,0,1,0,7,1,0,1,Sandgate,"Curlew Park, 74 Curlew Street, Sandgate",y
63,BOYD PARK,11,BOYD ROAD,NUNDAH,4012,153.05710735615,-27.4009993327873,816.360156419289,36856.28834919,0,4,1,0,0,3,0,14,0,13,23,2,2,9,0,3,2,2,0,0,19,0,0,0,0,1,4,1,0,0,51,1,0,5,0,5,0,0,7,0,11,3,0,3,2,0,0,0,0,46,0,0,15,1,0,0,1,0,16,2,0,0,0,2,33,0,0,0,4,3,0,0,1,0,0,0,0,0,0,28,1,0,1,12,0,0,16,0,2,0,0,0,22,0,0,1,9,1,0,0,1,1,1,0,0,0,1,0,0,0,34,0,4,0,1,0,7,0,68,1,1,1,1,0,9,0,62,0,1,3,2,0,1,0,0,0,1,0,0,4,0,0,0,0,1,0,11,36,5,0,6,0,1,12,0,0,5,9,1,0,0,1,0,0,13,0,2,0,0,6,1,4,24,2,1,1,0,0,0,47,0,0,0,0,4,0,4,1,7,1,2,0,2,0,0,16,8,0,4,Nundah,"Boyd Park, 11 Boyd Road, Nundah",y
64,ALBERT BISHOP PARK,78,HEDLEY AVENUE,NUNDAH,4012,153.069967673947,-27.4062951885826,3453.93197178297,290720.906185686,0,4,1,0,0,3,0,14,0,13,23,2,2,9,0,3,2,2,0,0,19,0,0,0,0,1,4,1,0,0,51,1,0,5,0,5,0,0,7,0,11,3,0,3,2,0,0,0,0,46,0,0,15,1,0,0,1,0,16,2,0,0,0,2,33,0,0,0,4,3,0,0,1,0,0,0,0,0,0,28,1,0,1,12,0,0,16,0,2,0,0,0,22,0,0,1,9,1,0,0,1,1,1,0,0,0,1,0,0,0,34,0,4,0,1,0,7,0,68,1,1,1,1,0,9,0,62,0,1,3,2,0,1,0,0,0,1,0,0,4,0,0,0,0,1,0,11,36,5,0,6,0,1,12,0,0,5,9,1,0,0,1,0,0,13,0,2,0,0,6,1,4,24,2,1,1,0,0,0,47,0,0,0,0,4,0,4,1,7,1,2,0,2,0,0,16,8,0,4,Nundah,"Albert Bishop Park, 40 Hendley Avenue, Nundah",y
65,NORTHGATE RESERVE,672,NUDGEE ROAD,NORTHGATE,4013,153.070131939,-27.396790325999998,3220.8406657955397,116734.669189116,0,0,1,0,0,2,0,7,0,14,26,1,0,5,0,0,3,0,0,1,12,1,0,0,0,0,3,0,0,0,42,1,0,1,0,3,0,0,3,0,7,1,0,1,5,2,0,0,0,20,0,0,7,0,1,0,1,0,15,0,1,0,0,0,12,4,0,0,1,0,0,0,2,0,0,0,0,0,0,14,1,2,0,5,0,0,13,0,4,2,0,0,16,0,0,3,7,0,0,0,0,0,0,0,0,0,2,0,0,0,13,0,2,0,0,0,0,0,49,1,0,0,0,0,1,0,38,0,0,3,0,0,1,0,0,0,0,0,0,3,0,0,0,0,0,0,5,23,2,1,4,0,0,6,0,0,6,14,0,0,0,0,3,0,5,0,1,1,0,2,0,0,22,1,0,0,0,0,0,41,0,0,0,0,2,0,3,2,3,0,3,0,0,0,0,1,2,0,2,Northgate,"Northgate Reserve, 672 Nudgee Road, Northgate",y
66,ELANORA PARK,22,SAUNDERS PLACE,WYNNUM,4178,153.169613846761,-27.4292972154175,2575.15179326557,212544.78661781602,0,0,2,2,0,0,0,32,0,72,61,2,1,10,0,2,7,1,0,1,35,5,0,1,0,0,13,0,0,0,94,0,0,6,0,19,0,0,7,0,26,9,0,5,6,2,0,0,1,73,0,0,23,0,2,4,0,0,44,0,0,0,0,0,41,4,0,0,7,5,0,0,7,0,0,0,0,0,0,32,5,2,0,19,0,0,30,0,4,0,0,0,39,0,0,9,23,0,0,0,0,5,0,0,0,0,9,0,1,0,50,0,5,0,2,1,12,0,136,2,1,2,0,0,3,0,116,0,1,6,5,2,1,1,0,0,1,0,2,11,0,0,0,0,1,0,9,82,0,1,10,0,4,16,0,0,22,24,1,0,0,0,1,0,24,0,7,3,0,9,4,1,39,18,1,3,0,0,0,101,0,0,1,0,7,1,6,2,15,1,6,0,0,2,0,15,6,0,1,Wynnum,"Elanora Park, 22 Saunders Place, Wynnum",y
67,MARCHANT PARK,1105,GYMPIE ROAD,ASPLEY,4034,153.02984174485098,-27.375452216061,2854.2752925848604,395699.288789422,0,0,0,1,0,3,0,25,0,46,39,1,3,14,0,1,7,1,0,8,25,2,4,2,1,2,13,0,0,0,74,2,0,2,0,8,0,0,5,1,16,4,0,3,7,2,0,0,1,63,0,1,22,1,1,2,1,0,31,0,0,0,0,0,39,4,0,0,2,1,0,1,1,0,0,0,0,0,0,42,0,2,0,8,0,1,36,2,1,0,0,0,44,0,0,9,12,1,0,1,0,3,0,0,1,1,2,0,5,0,38,0,4,0,3,1,8,0,94,0,1,1,0,0,5,0,91,0,3,8,4,1,1,1,0,0,0,1,0,4,0,0,0,0,0,0,10,63,7,3,6,0,1,20,0,0,14,14,0,0,0,0,4,0,7,0,3,3,0,9,4,2,38,14,0,2,0,2,0,104,0,0,0,0,2,0,6,0,6,3,4,1,1,1,0,11,3,1,3,Aspley,"Marchant Park, 1105 Gympie Road, Aspley",y
68,RICHLANDS DEPOT PARK,48,GOVERNMENT ROAD,INALA,4077,152.958786338234,-27.600441685869697,749.985853541077,27858.1087130532,0,0,0,0,0,4,0,35,0,36,24,1,0,9,0,0,3,2,0,1,4,0,0,2,0,0,3,0,0,0,49,0,0,0,0,3,0,0,1,0,18,5,0,3,15,1,0,0,0,13,0,0,38,1,3,0,0,1,1,0,1,1,0,0,10,2,0,0,0,1,0,0,0,0,0,0,0,0,0,53,2,0,0,3,0,1,36,1,1,2,0,0,6,0,0,5,10,0,0,0,0,0,0,0,0,0,4,0,1,0,35,0,1,0,0,0,1,0,35,0,0,1,0,0,0,0,58,0,3,10,2,0,3,0,0,0,0,0,0,2,1,1,0,0,0,0,25,13,0,0,1,0,0,4,0,0,17,24,2,0,0,0,2,0,1,0,0,1,0,7,1,0,31,8,0,0,1,0,0,81,0,0,0,0,2,0,1,0,6,0,1,0,0,0,4,3,0,0,1,Inala,"Richlands Depot Park, 24 Government Road, Inala",y
69,KEV HOOPER MEMORIAL PARK,209,LAVENDER STREET,INALA,4077,152.973014323117,-27.5918717963291,2339.55693421356,145951.628385545,0,0,0,0,0,4,0,35,0,36,24,1,0,9,0,0,3,2,0,1,4,0,0,2,0,0,3,0,0,0,49,0,0,0,0,3,0,0,1,0,18,5,0,3,15,1,0,0,0,13,0,0,38,1,3,0,0,1,1,0,1,1,0,0,10,2,0,0,0,1,0,0,0,0,0,0,0,0,0,53,2,0,0,3,0,1,36,1,1,2,0,0,6,0,0,5,10,0,0,0,0,0,0,0,0,0,4,0,1,0,35,0,1,0,0,0,1,0,35,0,0,1,0,0,0,0,58,0,3,10,2,0,3,0,0,0,0,0,0,2,1,1,0,0,0,0,25,13,0,0,1,0,0,4,0,0,17,24,2,0,0,0,2,0,1,0,0,1,0,7,1,0,31,8,0,0,1,0,0,81,0,0,0,0,2,0,1,0,6,0,1,0,0,0,4,3,0,0,1,Inala,"Kev Hooper Memorial Park, 167 Lavender Street, Inala",y
70,SEDGLEY PARK,35,ALDERSON STREET,ALDERLEY,4051,153.006028167119,-27.4291611916602,1512.44976697889,66957.3880281499,0,0,0,0,0,0,0,9,0,22,20,1,3,1,0,1,1,2,0,3,23,0,1,1,0,0,8,0,0,0,44,1,1,4,0,3,0,0,3,1,2,3,0,1,4,0,0,0,0,53,0,0,6,0,0,1,1,0,24,0,0,2,0,0,19,4,0,0,2,3,1,0,1,0,0,0,1,0,0,7,1,0,0,8,0,0,6,1,7,2,0,0,30,1,0,4,4,1,0,0,1,4,0,0,0,1,2,0,2,0,20,0,0,0,0,0,6,0,61,0,1,0,0,0,6,1,40,0,2,0,1,0,2,1,0,0,0,0,1,2,0,1,0,0,2,0,6,51,6,3,5,0,0,5,0,0,8,6,0,0,0,1,1,1,11,0,2,2,0,1,3,0,13,2,0,2,0,1,1,33,0,0,0,0,2,0,1,0,2,0,1,0,0,0,1,6,3,0,0,Alderley,"Sedgley Park, 401 Enoggera Road, Alderley",y
71,WOLSTON CREEK BUSHLAND RESERVE,43,RIVERPOINT BOULEVARD,RIVERHILLS,4074,152.910879255601,-27.5650318605595,6559.174059189761,486901.067002471,0,0,0,0,0,0,0,7,0,20,14,1,1,3,0,0,3,0,0,1,8,0,0,5,0,1,2,0,0,0,30,1,0,0,0,8,0,0,1,0,5,0,0,2,4,1,0,0,0,16,0,0,13,0,0,0,0,0,9,0,0,0,0,0,13,4,0,0,2,1,0,0,1,0,0,0,0,0,0,14,0,0,0,3,0,0,23,1,1,1,0,0,13,0,0,8,5,0,0,0,0,2,0,0,0,0,2,0,0,0,10,0,1,0,1,0,3,0,44,0,0,0,0,0,0,0,31,0,0,2,0,0,1,1,1,0,0,0,0,2,0,0,0,0,1,0,2,16,2,0,3,0,0,5,0,0,5,3,0,0,0,2,0,2,4,0,1,0,0,0,0,1,17,7,0,0,0,0,0,33,0,0,0,0,1,0,0,0,5,0,4,0,0,0,0,2,5,1,1,Riverhills,"Wolston Creek Bushland Reserve, 69 Tomkins Road, Riverhills",y
72,TIGRIS STREET PARK,22,TIGRIS STREET,RIVERHILLS,4074,152.909115069629,-27.5581361383359,1179.98519382296,33533.6959159852,0,0,0,0,0,0,0,7,0,20,14,1,1,3,0,0,3,0,0,1,8,0,0,5,0,1,2,0,0,0,30,1,0,0,0,8,0,0,1,0,5,0,0,2,4,1,0,0,0,16,0,0,13,0,0,0,0,0,9,0,0,0,0,0,13,4,0,0,2,1,0,0,1,0,0,0,0,0,0,14,0,0,0,3,0,0,23,1,1,1,0,0,13,0,0,8,5,0,0,0,0,2,0,0,0,0,2,0,0,0,10,0,1,0,1,0,3,0,44,0,0,0,0,0,0,0,31,0,0,2,0,0,1,1,1,0,0,0,0,2,0,0,0,0,1,0,2,16,2,0,3,0,0,5,0,0,5,3,0,0,0,2,0,2,4,0,1,0,0,0,0,1,17,7,0,0,0,0,0,33,0,0,0,0,1,0,0,0,5,0,4,0,0,0,0,2,5,1,1,Riverhills,"Tigris Street Park, 22 Tigris Street, Riverhills",y
73,GREEN HILL RESERVOIR PARK,176,RUSSELL TERRACE,CHAPEL HILL,4069,152.95753912950002,-27.4955713651441,1438.81805020254,105277.25350621699,0,0,1,0,0,2,0,12,0,19,28,0,2,6,0,1,6,2,0,2,22,1,0,5,0,0,15,0,0,0,79,3,0,3,0,9,0,1,7,1,9,1,1,1,1,0,0,0,0,67,0,0,15,0,1,0,0,0,40,0,1,0,0,0,25,2,0,0,0,0,0,5,6,0,0,1,0,0,0,15,2,2,0,5,0,0,15,0,2,0,0,0,43,0,0,3,13,0,0,0,0,8,0,0,0,0,6,0,2,0,34,0,1,0,0,0,7,0,100,0,1,0,1,0,10,0,69,1,0,4,6,2,1,0,0,0,0,1,2,5,2,0,0,1,3,0,13,98,4,4,7,0,0,11,0,0,8,9,2,0,0,0,2,1,19,0,6,2,0,1,1,3,28,8,0,3,0,0,0,36,0,0,0,0,2,1,4,0,7,1,3,0,0,0,0,18,8,0,0,Chapel Hill,"Green Hill Reservoir Park, 206C Russell Terrace, Chapel Hill",y
74,CUBBERLA CREEK RESERVE,129,FIG TREE POCKET ROAD,CHAPEL HILL,4069,152.95242807256702,-27.5147826641754,1908.6020360252103,114753.57490447699,0,0,1,0,0,2,0,12,0,19,28,0,2,6,0,1,6,2,0,2,22,1,0,5,0,0,15,0,0,0,79,3,0,3,0,9,0,1,7,1,9,1,1,1,1,0,0,0,0,67,0,0,15,0,1,0,0,0,40,0,1,0,0,0,25,2,0,0,0,0,0,5,6,0,0,1,0,0,0,15,2,2,0,5,0,0,15,0,2,0,0,0,43,0,0,3,13,0,0,0,0,8,0,0,0,0,6,0,2,0,34,0,1,0,0,0,7,0,100,0,1,0,1,0,10,0,69,1,0,4,6,2,1,0,0,0,0,1,2,5,2,0,0,1,3,0,13,98,4,4,7,0,0,11,0,0,8,9,2,0,0,0,2,1,19,0,6,2,0,1,1,3,28,8,0,3,0,0,0,36,0,0,0,0,2,1,4,0,7,1,3,0,0,0,0,18,8,0,0,Chapel Hill,"Cubberla Creek Reserve, 129 Fig Tree Pocket Road, Chapel Hill",y
75,MERRI MERRI PARK,100,GREENFORD STREET,CHAPEL HILL,4069,152.939795921586,-27.4840685778087,1280.14514109908,34931.6670851982,0,0,1,0,0,2,0,12,0,19,28,0,2,6,0,1,6,2,0,2,22,1,0,5,0,0,15,0,0,0,79,3,0,3,0,9,0,1,7,1,9,1,1,1,1,0,0,0,0,67,0,0,15,0,1,0,0,0,40,0,1,0,0,0,25,2,0,0,0,0,0,5,6,0,0,1,0,0,0,15,2,2,0,5,0,0,15,0,2,0,0,0,43,0,0,3,13,0,0,0,0,8,0,0,0,0,6,0,2,0,34,0,1,0,0,0,7,0,100,0,1,0,1,0,10,0,69,1,0,4,6,2,1,0,0,0,0,1,2,5,2,0,0,1,3,0,13,98,4,4,7,0,0,11,0,0,8,9,2,0,0,0,2,1,19,0,6,2,0,1,1,3,28,8,0,3,0,0,0,36,0,0,0,0,2,1,4,0,7,1,3,0,0,0,0,18,8,0,0,Chapel Hill,"Merri Merri Park, 105 Greenford Street, Chapel Hill",y
76,QUINN'S STREET PARK,216,THYNNE ROAD,BALMORAL,4171,153.071149076731,-27.4584395862213,761.4651001623411,26914.3078503755,0,0,1,0,0,0,0,2,0,7,12,0,1,2,0,0,3,1,0,0,13,0,0,0,0,0,7,0,0,0,22,0,0,3,0,3,0,0,3,2,6,0,0,0,1,0,0,0,0,41,0,0,4,1,0,0,0,0,24,0,0,0,0,0,15,1,0,0,2,0,0,0,1,0,0,0,1,0,0,11,1,0,0,2,0,0,8,2,5,1,0,0,16,0,0,3,7,2,0,0,0,1,0,0,1,0,1,0,0,0,10,0,1,0,0,0,2,0,52,0,0,0,0,0,2,0,41,0,0,1,0,1,0,0,0,0,0,1,0,1,0,0,0,0,0,0,5,32,3,1,2,0,0,6,0,0,3,0,0,0,0,0,0,0,2,0,2,2,0,1,1,0,11,1,0,0,0,0,1,14,0,0,0,0,1,0,1,1,1,3,4,0,0,0,0,3,3,0,0,Balmoral,"Quinn's Street Park, 216 Thynne Road, Balmoral",y
77,NATHAN ROAD PARK,106,NATHAN ROAD,RUNCORN,4113,153.069834419149,-27.587630392231198,1376.6881984577099,49007.3433408084,0,0,0,0,0,5,0,12,0,30,25,3,0,8,0,0,1,0,0,0,17,0,1,0,0,0,6,0,0,0,49,1,0,1,0,7,0,0,2,1,7,6,1,0,7,1,0,0,0,26,0,0,12,1,1,0,1,0,7,0,0,0,0,0,18,1,0,0,5,3,0,0,2,0,0,0,1,0,0,21,1,0,0,4,0,0,28,0,3,1,0,0,8,0,0,4,8,0,0,0,1,1,0,0,0,0,0,0,0,0,22,0,4,0,1,0,5,0,62,0,0,1,0,0,4,0,67,0,0,4,1,0,1,0,0,0,0,0,0,2,0,0,0,0,1,0,18,28,1,1,3,0,0,3,0,0,8,4,0,0,0,1,2,0,1,0,0,0,0,3,3,1,21,6,1,2,0,0,0,51,0,0,0,0,2,1,5,1,3,1,0,0,1,0,0,3,3,0,0,Runcorn,"Nathan Road Park, 346 Daw Road, Runcorn",y
78,GLENEFER STREET PARK,35,GLENEFER STREET,RUNCORN,4113,153.069277033,-27.5992876449999,2565.14572446116,98447.5429375458,0,0,0,0,0,5,0,12,0,30,25,3,0,8,0,0,1,0,0,0,17,0,1,0,0,0,6,0,0,0,49,1,0,1,0,7,0,0,2,1,7,6,1,0,7,1,0,0,0,26,0,0,12,1,1,0,1,0,7,0,0,0,0,0,18,1,0,0,5,3,0,0,2,0,0,0,1,0,0,21,1,0,0,4,0,0,28,0,3,1,0,0,8,0,0,4,8,0,0,0,1,1,0,0,0,0,0,0,0,0,22,0,4,0,1,0,5,0,62,0,0,1,0,0,4,0,67,0,0,4,1,0,1,0,0,0,0,0,0,2,0,0,0,0,1,0,18,28,1,1,3,0,0,3,0,0,8,4,0,0,0,1,2,0,1,0,0,0,0,3,3,1,21,6,1,2,0,0,0,51,0,0,0,0,2,1,5,1,3,1,0,0,1,0,0,3,3,0,0,Runcorn,"Glenefer Street Park, 35 Glenefer Street, Runcorn",y
79,SALISBURY RECREATION RESERVE,323,EVANS ROAD,SALISBURY,4107,153.035797172,-27.551207001999998,2647.03974837505,135916.355455366,0,0,0,0,0,3,0,21,1,29,19,0,2,2,0,0,5,1,0,0,7,0,0,1,0,0,8,0,0,0,40,2,0,0,0,12,0,0,2,2,13,5,0,5,6,2,0,0,0,17,0,0,11,3,0,1,0,0,15,1,0,0,0,0,18,2,0,0,5,2,1,0,2,0,0,0,0,0,0,28,1,0,0,5,0,0,23,1,2,2,0,0,23,0,0,5,15,0,0,0,0,1,0,0,1,0,0,0,1,0,15,1,1,0,0,0,2,0,75,0,0,1,0,0,2,0,36,0,1,3,0,1,0,0,0,0,0,1,0,1,0,0,0,0,2,0,6,26,1,0,2,0,0,6,0,0,2,9,1,0,0,0,1,0,5,0,1,1,0,4,2,1,18,10,0,2,0,0,0,60,0,0,0,0,1,0,1,0,8,1,4,1,0,0,0,4,4,1,0,Salisbury,"Salisbury Recreation Reserve, 323 Evans Road, Salisbury",y
80,EKIBIN PARK EAST,140,RIDGE STREET,GREENSLOPES,4120,153.042039632,-27.508106685999998,1921.3289162531,80393.6943890775,0,0,1,0,0,1,0,7,0,18,19,3,2,1,0,2,4,0,0,0,13,0,0,3,0,0,5,0,0,0,30,0,0,1,0,4,0,0,1,0,5,2,1,0,1,0,0,0,0,32,0,0,10,1,1,0,0,0,19,0,0,0,0,0,7,4,0,0,2,0,0,0,3,1,0,0,0,0,0,14,2,1,0,7,0,0,15,0,2,0,0,0,15,0,0,2,6,0,0,0,0,1,0,0,0,0,1,0,5,0,20,0,2,0,0,0,4,0,50,1,1,0,0,1,3,0,44,0,2,2,0,0,0,0,0,0,0,0,1,0,0,0,0,0,0,0,3,27,3,0,3,0,1,12,0,0,5,6,2,0,0,0,4,0,15,0,4,1,0,4,2,0,16,3,0,3,1,2,0,37,0,0,0,0,4,0,1,0,2,2,3,0,0,2,0,10,4,0,1,Greenslopes,"Ekibin Park East, 133 Juliette Street, Greenslopes",y
81,BERKSHIRE CRESCENT PARK,17,BERKSHIRE CRESCENT,WISHART,4122,153.099399090131,-27.5490135473118,550.511329465877,18002.0088785573,0,0,0,2,0,0,0,14,0,23,23,0,3,9,0,0,3,0,0,0,17,1,0,2,0,0,20,0,1,0,45,2,0,2,0,7,0,0,2,0,5,5,0,1,4,2,0,0,0,43,0,0,21,0,3,0,1,0,17,0,1,0,0,0,19,3,0,0,2,1,0,0,1,0,0,0,0,0,0,33,2,0,0,4,0,0,17,0,1,2,0,0,27,0,0,2,9,1,0,0,1,1,0,0,0,0,1,0,0,0,33,0,3,0,2,0,4,0,66,0,0,0,0,0,8,0,71,0,0,0,1,1,1,0,0,0,0,1,0,3,0,0,0,0,1,0,5,46,1,2,4,0,0,10,0,0,9,7,0,0,0,0,1,1,15,0,4,0,0,5,0,0,32,7,0,2,1,0,0,30,0,0,0,0,1,1,6,0,2,0,1,0,0,1,0,3,6,1,1,Wishart,"Berkshire Crescent Park, 17 Berkshire Crescent, Wishart",y
82,BOORABBIN PICNIC GROUND,713,MT GRAVATT-CAPALABA ROAD,WISHART,4122,153.110832344,-27.552873443000003,3122.1038279887703,145987.796549051,0,0,0,2,0,0,0,14,0,23,23,0,3,9,0,0,3,0,0,0,17,1,0,2,0,0,20,0,1,0,45,2,0,2,0,7,0,0,2,0,5,5,0,1,4,2,0,0,0,43,0,0,21,0,3,0,1,0,17,0,1,0,0,0,19,3,0,0,2,1,0,0,1,0,0,0,0,0,0,33,2,0,0,4,0,0,17,0,1,2,0,0,27,0,0,2,9,1,0,0,1,1,0,0,0,0,1,0,0,0,33,0,3,0,2,0,4,0,66,0,0,0,0,0,8,0,71,0,0,0,1,1,1,0,0,0,0,1,0,3,0,0,0,0,1,0,5,46,1,2,4,0,0,10,0,0,9,7,0,0,0,0,1,1,15,0,4,0,0,5,0,0,32,7,0,2,1,0,0,30,0,0,0,0,1,1,6,0,2,0,1,0,0,1,0,3,6,1,1,Wishart,"Boorabbin Picnic Ground, 677A Mt Gravatt-Capalaba Road, Wishart",y
83,NUDGEE WATERHOLE RESERVE,1186,NUDGEE ROAD,NUDGEE,4014,153.093633226548,-27.374125350195197,1792.91718046871,184976.172049757,0,0,0,0,0,0,0,11,0,23,14,2,3,2,0,1,2,0,0,1,5,0,0,0,0,1,2,0,0,0,32,0,1,1,0,3,0,0,6,0,10,4,0,1,3,1,0,0,0,26,0,0,13,0,1,1,0,0,14,0,0,0,0,0,10,1,0,0,0,0,0,0,0,0,0,0,0,0,0,16,1,1,0,6,0,0,15,0,1,1,0,0,15,0,0,5,5,0,0,0,0,3,0,0,1,0,2,0,0,0,18,0,4,0,2,0,4,0,56,0,0,1,0,0,0,0,16,0,3,2,0,0,2,0,0,0,0,1,0,1,0,0,0,0,0,0,3,24,2,1,2,0,1,16,0,0,4,9,1,0,0,0,2,1,4,0,1,1,0,2,0,0,16,3,0,0,1,0,0,41,0,0,0,0,3,0,2,0,0,0,3,0,1,0,1,2,3,0,0,Nudgee,"Nudgee Waterhole Reserve, 1186 Nudgee Road, Nudgee",y
84,TERALBA PARK,120,PULLEN ROAD,EVERTON PARK,4053,152.9815858213,-27.4053475400467,3107.4453244082697,263542.414779435,0,0,0,0,0,3,0,24,0,38,37,1,8,2,0,0,7,0,0,4,18,0,0,2,0,2,10,0,0,0,53,1,0,3,0,11,0,1,1,1,13,5,1,1,3,0,0,0,0,52,0,0,18,1,1,0,1,0,26,0,0,1,0,0,33,1,0,0,4,1,0,0,2,1,0,0,0,0,0,32,0,1,0,8,0,0,24,2,2,0,0,0,37,0,0,9,15,0,0,0,5,1,1,0,0,0,4,1,6,0,31,0,1,0,1,0,4,0,82,1,0,1,0,0,7,0,65,0,3,6,3,1,1,0,0,0,0,0,0,2,0,1,0,0,1,0,6,40,3,2,9,0,0,16,0,0,7,14,3,0,0,0,5,0,16,0,5,0,0,4,2,0,27,10,0,2,0,1,0,76,0,0,0,0,3,0,1,0,1,1,2,0,0,0,1,9,7,3,1,Everton Park,"Teralba Park, 120 Pullen Road, Everton Park",y
85,RON WOOLLEY PLACE,81,TONES ROAD,MANSFIELD,4122,153.11084916444798,-27.5298741091609,2701.36018289212,241236.20392984102,0,0,0,0,1,1,0,23,0,23,26,1,1,6,0,0,6,3,0,0,11,0,0,1,0,0,9,0,0,0,38,0,0,4,0,3,0,0,5,0,6,3,0,2,5,2,0,0,0,40,0,0,21,0,0,1,0,0,8,0,0,0,0,0,16,4,0,0,4,1,0,0,2,0,0,0,0,0,0,26,0,0,0,0,0,2,17,1,1,0,0,0,18,0,0,4,10,1,0,1,0,1,0,0,0,0,2,0,1,0,27,0,6,0,2,0,4,0,74,0,0,0,0,0,13,2,76,1,2,0,3,0,1,0,0,0,0,0,0,5,0,0,0,0,0,0,7,57,2,2,5,0,0,4,1,0,10,8,0,0,0,0,0,0,11,0,3,1,0,2,3,1,30,4,0,2,0,0,0,71,1,0,0,0,3,0,4,0,4,1,1,0,0,0,0,6,2,1,2,Mansfield,"Ron Woolley Place, 121 Tones Road, Mansfield",y
86,PRESTON ROAD PARK,25,PRESTON ROAD,CARINA,4152,153.117292864495,-27.490118356834103,4404.42114968327,382184.673043465,0,0,1,0,0,1,0,16,1,28,34,0,6,11,0,1,6,0,0,0,14,0,0,0,0,4,23,0,0,0,71,4,0,3,0,14,0,0,8,0,10,3,0,3,3,6,0,0,0,58,0,1,19,0,0,0,0,0,25,0,0,0,0,0,43,6,0,0,1,3,0,0,3,0,0,0,0,0,0,29,1,0,0,16,0,2,26,1,3,0,0,0,35,0,0,8,8,1,0,1,0,2,0,0,1,0,2,0,3,0,39,0,3,0,3,0,0,0,95,0,0,0,0,0,8,1,83,0,1,10,2,0,2,0,0,0,0,0,1,1,0,1,0,0,1,0,7,61,5,1,10,0,1,25,0,1,7,9,1,0,0,0,3,1,12,0,5,1,0,7,0,0,29,4,0,3,0,0,1,66,0,0,0,0,1,0,6,1,5,8,6,1,1,0,0,15,3,1,3,Carina,"Preston Road Park, 276 Meadowlands Road, Carina",y
87,BILL BROWN SPORTS RESERVE,523,TELEGRAPH ROAD,FITZGIBBON,4018,153.036130329473,-27.3349227510354,5088.57165203374,801017.207558137,0,0,0,0,0,2,0,16,0,15,14,0,1,6,0,1,1,0,0,0,12,0,0,0,0,0,3,0,0,0,16,2,0,3,0,3,0,0,6,0,5,3,0,0,6,1,0,0,0,24,0,0,6,0,2,0,0,0,11,0,0,0,0,0,11,0,0,0,1,0,0,0,0,1,0,0,0,0,0,16,0,0,0,5,0,0,11,0,0,0,0,0,11,0,0,6,7,0,0,0,0,0,0,0,0,0,1,0,0,0,16,0,2,0,2,0,3,0,30,0,0,1,0,0,6,0,41,0,0,1,2,0,1,0,0,0,0,0,0,3,0,0,0,0,0,0,9,21,2,0,3,0,0,6,0,0,5,5,0,0,0,0,0,0,6,0,0,0,0,3,3,0,18,2,0,1,0,0,0,31,0,0,0,0,3,0,2,0,1,0,3,0,1,0,0,4,1,0,0,Fitzgibbon,"Bill Brown Sports Reserve, 411 Roghan Road, Fitzgibbon",y
88,NORTHUMBRIA ROAD PARK,389,ABERDEEN PARADE,BOONDALL,4034,153.074441318912,-27.357477668249,1077.0217477588699,61979.904885692005,0,1,1,0,0,0,0,32,0,40,48,2,2,9,0,0,8,1,0,1,16,0,0,1,0,0,8,0,0,0,63,2,0,3,0,13,0,0,3,0,15,2,0,0,5,0,0,0,0,41,0,0,19,1,2,0,2,0,10,0,1,0,0,0,28,2,0,0,3,2,0,0,1,1,0,0,0,0,0,37,1,0,0,4,0,0,23,0,2,0,1,0,19,0,0,7,13,0,0,0,1,1,0,0,0,0,8,0,0,0,31,0,3,0,1,1,1,0,66,1,0,1,0,0,6,1,68,1,2,10,2,0,1,0,0,0,0,0,0,1,0,0,0,0,1,0,7,45,5,1,4,0,0,13,0,0,9,21,0,0,0,0,1,0,11,0,1,0,0,6,0,1,27,12,0,0,0,0,1,89,1,0,0,0,1,0,2,1,5,0,1,0,1,0,0,6,4,0,0,Boondall,"Northumbria Road Park, 79 College Way, Boondall",y
89,BOONDALL PARK,2332,SANDGATE ROAD,BOONDALL,4034,153.057056347,-27.338933345999997,1582.28055448625,62110.0699407157,0,1,1,0,0,0,0,32,0,40,48,2,2,9,0,0,8,1,0,1,16,0,0,1,0,0,8,0,0,0,63,2,0,3,0,13,0,0,3,0,15,2,0,0,5,0,0,0,0,41,0,0,19,1,2,0,2,0,10,0,1,0,0,0,28,2,0,0,3,2,0,0,1,1,0,0,0,0,0,37,1,0,0,4,0,0,23,0,2,0,1,0,19,0,0,7,13,0,0,0,1,1,0,0,0,0,8,0,0,0,31,0,3,0,1,1,1,0,66,1,0,1,0,0,6,1,68,1,2,10,2,0,1,0,0,0,0,0,0,1,0,0,0,0,1,0,7,45,5,1,4,0,0,13,0,0,9,21,0,0,0,0,1,0,11,0,1,0,0,6,0,1,27,12,0,0,0,0,1,89,1,0,0,0,1,0,2,1,5,0,1,0,1,0,0,6,4,0,0,Boondall,"Boondall Park, 2332 Sandgate Road, Boondall",y
90,MULBEAM PARK,131,MULLER ROAD,BOONDALL,4034,153.05410329990102,-27.351677669865698,794.141604161228,28563.180426039704,0,1,1,0,0,0,0,32,0,40,48,2,2,9,0,0,8,1,0,1,16,0,0,1,0,0,8,0,0,0,63,2,0,3,0,13,0,0,3,0,15,2,0,0,5,0,0,0,0,41,0,0,19,1,2,0,2,0,10,0,1,0,0,0,28,2,0,0,3,2,0,0,1,1,0,0,0,0,0,37,1,0,0,4,0,0,23,0,2,0,1,0,19,0,0,7,13,0,0,0,1,1,0,0,0,0,8,0,0,0,31,0,3,0,1,1,1,0,66,1,0,1,0,0,6,1,68,1,2,10,2,0,1,0,0,0,0,0,0,1,0,0,0,0,1,0,7,45,5,1,4,0,0,13,0,0,9,21,0,0,0,0,1,0,11,0,1,0,0,6,0,1,27,12,0,0,0,0,1,89,1,0,0,0,1,0,2,1,5,0,1,0,1,0,0,6,4,0,0,Boondall,"Mulbeam Park, 131 Beams Road, Boondall",y
91,YIMBUN PARK,459,MCCULLOUGH STREET,SUNNYBANK,4109,153.074117792873,-27.574157171335802,1166.8472260334802,50819.3237838141,0,0,0,1,0,2,0,18,0,14,15,0,0,0,0,0,4,0,0,1,8,1,0,0,2,0,3,0,0,0,21,0,1,0,0,3,0,0,2,0,5,1,0,0,2,0,0,0,0,10,1,0,6,0,2,0,0,0,2,0,0,0,1,0,10,0,0,0,1,0,0,0,1,0,0,0,0,0,0,13,0,0,0,0,0,0,15,0,0,0,0,0,13,0,0,2,4,0,0,0,0,0,0,0,0,0,0,0,0,0,13,0,3,0,0,0,4,1,25,0,0,0,0,0,1,0,38,0,3,0,0,0,0,0,0,0,0,0,1,2,0,0,0,0,0,0,11,17,4,1,2,0,0,4,0,0,8,7,0,0,0,0,0,2,3,0,2,1,0,1,0,0,7,8,0,0,1,2,0,22,0,0,0,0,2,1,2,0,2,0,4,0,0,0,0,2,3,0,0,Sunnybank,"Yimbun Park, 459 McCullough Street, Sunnybank",y
92,ORLEIGH PARK,68,HILL END TERRACE,WEST END,4101,152.998013847,-27.489371472999895,2352.86510809607,53658.936115475,0,0,0,0,0,1,0,5,1,19,18,3,1,6,0,0,5,0,0,0,8,2,0,0,0,1,14,0,0,0,28,2,0,6,0,6,0,0,3,0,1,3,0,0,0,1,0,0,0,58,0,0,16,2,3,0,0,0,15,1,1,0,0,0,40,1,0,0,2,0,0,0,1,0,0,2,0,0,0,16,3,1,0,18,0,0,7,0,1,2,1,0,4,0,0,1,10,0,0,0,2,1,0,0,0,1,0,0,4,0,16,0,4,0,1,0,11,0,51,0,0,0,0,0,4,0,58,0,2,2,4,1,0,0,0,0,0,0,0,1,0,1,0,0,2,0,7,57,4,1,13,0,0,13,0,0,4,3,0,0,0,0,1,0,19,0,10,0,0,1,1,0,21,1,2,2,0,1,0,17,0,0,0,0,4,0,2,0,5,1,2,0,0,1,1,8,4,0,1,West End,"Orleigh Park, 68 Hill End Terrace, West End",y
93,SOUTH BRISBANE RIVERSIDE LANDS PARK,151A,JANE STREET,WEST END,4101,153.007147441,-27.4748064199999,2635.26212913285,23186.84199252,0,0,0,0,0,1,0,5,1,19,18,3,1,6,0,0,5,0,0,0,8,2,0,0,0,1,14,0,0,0,28,2,0,6,0,6,0,0,3,0,1,3,0,0,0,1,0,0,0,58,0,0,16,2,3,0,0,0,15,1,1,0,0,0,40,1,0,0,2,0,0,0,1,0,0,2,0,0,0,16,3,1,0,18,0,0,7,0,1,2,1,0,4,0,0,1,10,0,0,0,2,1,0,0,0,1,0,0,4,0,16,0,4,0,1,0,11,0,51,0,0,0,0,0,4,0,58,0,2,2,4,1,0,0,0,0,0,0,0,1,0,1,0,0,2,0,7,57,4,1,13,0,0,13,0,0,4,3,0,0,0,0,1,0,19,0,10,0,0,1,1,0,21,1,2,2,0,1,0,17,0,0,0,0,4,0,2,0,5,1,2,0,0,1,1,8,4,0,1,South Brisbane,"South Brisbane Riverside Lands Park, 23A Hockings Street, South Brisbane",y
94,DUTTON PARK,359,GLADSTONE ROAD,DUTTON PARK,4102,153.025162437,-27.497477737999898,3397.04777460021,94522.1503094965,0,0,0,0,0,0,0,0,0,2,3,0,0,1,0,0,0,0,0,0,3,0,0,0,0,0,3,0,0,0,10,3,0,2,0,0,0,0,0,0,0,0,0,0,1,0,0,0,0,9,0,0,4,0,0,0,0,0,1,0,0,0,0,0,0,0,0,0,1,0,0,0,0,0,0,0,0,0,0,6,0,0,0,3,0,0,2,0,0,0,0,0,5,0,0,0,1,1,0,0,0,0,0,0,0,0,0,0,0,0,4,0,0,0,0,0,0,0,8,1,0,0,0,0,0,0,8,0,0,1,0,0,0,0,0,0,0,0,0,0,0,0,0,0,0,0,1,8,0,0,0,0,0,0,0,0,3,0,1,0,0,0,0,0,2,0,0,0,0,0,1,0,3,0,0,0,0,0,0,8,0,0,0,0,0,0,0,0,2,0,1,0,0,0,0,0,1,0,0,Dutton Park,"Dutton Park, 359 Gladstone Road, Dutton Park",y
95,ENDIANDRA STREET PARK,345,ALGESTER ROAD,ALGESTER,4115,153.031726800667,-27.6184115281895,2259.39237497096,111988.02205367801,0,0,0,0,0,2,0,21,0,12,16,0,1,9,0,0,2,1,0,0,9,0,0,2,0,1,4,0,0,0,31,0,0,0,0,12,0,0,1,0,6,2,2,4,5,0,0,0,1,16,0,0,13,1,0,0,0,0,17,0,0,1,0,0,8,0,0,0,1,0,0,0,3,0,0,0,0,0,0,19,0,0,0,4,0,0,24,1,1,0,0,0,11,0,0,8,4,0,0,0,1,1,0,0,0,0,3,0,2,0,17,0,0,0,0,0,4,0,47,0,0,0,0,0,7,0,55,0,3,3,0,1,0,0,0,0,0,0,0,3,0,2,0,0,0,0,8,28,1,1,4,0,1,9,0,0,13,10,0,0,0,0,3,0,1,0,0,0,0,2,2,0,24,7,0,0,0,0,0,46,0,0,0,0,1,0,1,0,9,0,1,1,0,0,0,2,1,0,5,Algester,"Endiandra Street Park, 26 Ackama Street, Algester",y
96,WATERFRONT PARK,35,WATERLOO STREET,NEWSTEAD,4006,153.046217491716,-27.448935496117898,918.287484113103,27941.123649278798,1,0,1,0,0,0,0,2,0,5,4,1,0,2,0,0,1,0,0,0,10,0,0,1,0,0,9,0,0,0,5,0,0,6,0,0,0,0,3,1,0,1,0,2,0,1,0,0,0,55,0,0,11,2,1,2,0,0,17,0,0,0,0,0,30,0,0,0,0,0,0,0,0,0,0,0,0,0,0,10,1,1,0,29,0,0,2,0,0,1,0,0,1,0,0,1,7,2,0,0,1,1,0,0,0,0,0,0,2,0,8,0,4,0,0,0,5,0,5,1,0,0,0,0,3,1,29,0,0,0,0,0,0,0,0,0,1,0,0,0,0,1,0,0,0,0,12,18,9,1,15,0,1,7,0,0,1,0,0,0,0,0,0,0,6,0,4,0,0,0,0,1,14,1,0,1,0,0,0,12,0,0,0,0,0,0,2,0,0,0,2,0,3,0,0,9,0,1,1,Newstead,"Waterfront Park, 39 Waterloo Street, Newstead",y
97,HYDE ROAD PARK,331,FAIRFIELD ROAD,YERONGA,4104,153.01759340132799,-27.5126135692253,1453.4666776285699,55187.8869113745,1,0,1,0,0,1,0,7,0,22,16,1,1,2,0,0,1,0,0,0,10,1,0,4,0,0,9,0,0,0,47,1,0,2,0,3,0,0,7,0,9,4,0,0,2,1,0,0,0,49,0,0,16,0,1,0,0,0,16,1,0,0,0,3,12,4,0,0,1,0,0,0,3,0,0,0,0,0,1,7,2,0,0,10,0,0,8,1,3,1,0,0,17,0,0,3,11,1,0,0,1,3,0,0,0,1,2,0,0,0,21,0,2,0,0,0,3,0,58,0,0,0,0,0,5,0,31,0,1,4,1,0,0,1,0,0,0,0,0,4,0,1,0,0,1,0,5,39,2,4,0,0,1,7,0,0,7,8,0,0,0,0,2,1,13,0,4,2,0,0,0,0,13,0,0,2,0,0,1,17,1,0,0,0,2,0,1,0,5,0,8,0,1,1,0,11,1,0,0,Yeronga,"Hyde Road Park, 331 Fairfield Road, Yeronga",y
98,YERONGA MEMORIAL PARK,78A,PARK ROAD,YERONGA,4104,153.024174950208,-27.519634459913203,2581.9788482625895,224705.75624344,1,0,1,0,0,1,0,7,0,22,16,1,1,2,0,0,1,0,0,0,10,1,0,4,0,0,9,0,0,0,47,1,0,2,0,3,0,0,7,0,9,4,0,0,2,1,0,0,0,49,0,0,16,0,1,0,0,0,16,1,0,0,0,3,12,4,0,0,1,0,0,0,3,0,0,0,0,0,1,7,2,0,0,10,0,0,8,1,3,1,0,0,17,0,0,3,11,1,0,0,1,3,0,0,0,1,2,0,0,0,21,0,2,0,0,0,3,0,58,0,0,0,0,0,5,0,31,0,1,4,1,0,0,1,0,0,0,0,0,4,0,1,0,0,1,0,5,39,2,4,0,0,1,7,0,0,7,8,0,0,0,0,2,1,13,0,4,2,0,0,0,0,13,0,0,2,0,0,1,17,1,0,0,0,2,0,1,0,5,0,8,0,1,1,0,11,1,0,0,Yeronga,"Yeronga Memorial Park, 78 Park Road, Yeronga",y
99,TURQUOISE PLACE PARK,20,PRIMROSE CLOSE,WAVELL HEIGHTS,4012,153.052402433,-27.3839298509999,1654.1401866285098,23087.530602091803,0,0,1,1,0,2,0,18,2,48,47,3,9,10,0,0,8,0,0,2,21,0,0,3,0,1,5,0,1,0,79,1,0,2,0,19,0,0,8,1,15,4,0,3,10,1,0,0,0,59,0,0,7,0,0,1,1,0,40,0,2,0,0,1,37,7,0,0,3,0,0,0,8,0,0,0,0,0,1,36,1,0,0,13,0,0,32,1,4,3,0,0,50,1,0,6,20,0,0,0,2,3,0,0,1,1,4,0,3,0,26,0,2,0,2,0,6,0,113,2,1,0,0,0,10,0,106,0,3,2,1,0,3,0,0,0,0,0,0,1,0,0,0,0,1,0,5,57,8,2,6,0,2,21,0,0,7,15,1,0,0,0,3,0,21,0,5,1,0,8,2,0,34,11,0,1,0,0,0,88,0,0,0,0,4,1,4,1,4,5,2,0,0,0,0,19,6,0,1,Wavell Heights,"Turquoise Place Park, 41 Turquoise Place, Wavell Heights",y
100,RILATT PARK,69,RILATT STREET,WAVELL HEIGHTS,4012,153.047696867584,-27.391528680741402,509.73847267390505,12453.6959121424,0,0,1,1,0,2,0,18,2,48,47,3,9,10,0,0,8,0,0,2,21,0,0,3,0,1,5,0,1,0,79,1,0,2,0,19,0,0,8,1,15,4,0,3,10,1,0,0,0,59,0,0,7,0,0,1,1,0,40,0,2,0,0,1,37,7,0,0,3,0,0,0,8,0,0,0,0,0,1,36,1,0,0,13,0,0,32,1,4,3,0,0,50,1,0,6,20,0,0,0,2,3,0,0,1,1,4,0,3,0,26,0,2,0,2,0,6,0,113,2,1,0,0,0,10,0,106,0,3,2,1,0,3,0,0,0,0,0,0,1,0,0,0,0,1,0,5,57,8,2,6,0,2,21,0,0,7,15,1,0,0,0,3,0,21,0,5,1,0,8,2,0,34,11,0,1,0,0,0,88,0,0,0,0,4,1,4,1,4,5,2,0,0,0,0,19,6,0,1,Wavell Heights,"Rilatt Park, 69 Rilatt Street, Wavell Heights",y
101,SHAW ESTATE PARK,150,SHAW ROAD,WAVELL HEIGHTS,4012,153.043524888728,-27.404344050555302,4099.32335567785,443441.479512286,0,0,1,1,0,2,0,18,2,48,47,3,9,10,0,0,8,0,0,2,21,0,0,3,0,1,5,0,1,0,79,1,0,2,0,19,0,0,8,1,15,4,0,3,10,1,0,0,0,59,0,0,7,0,0,1,1,0,40,0,2,0,0,1,37,7,0,0,3,0,0,0,8,0,0,0,0,0,1,36,1,0,0,13,0,0,32,1,4,3,0,0,50,1,0,6,20,0,0,0,2,3,0,0,1,1,4,0,3,0,26,0,2,0,2,0,6,0,113,2,1,0,0,0,10,0,106,0,3,2,1,0,3,0,0,0,0,0,0,1,0,0,0,0,1,0,5,57,8,2,6,0,2,21,0,0,7,15,1,0,0,0,3,0,21,0,5,1,0,8,2,0,34,11,0,1,0,0,0,88,0,0,0,0,4,1,4,1,4,5,2,0,0,0,0,19,6,0,1,Wavell Heights,"Shaw Estate Park, 150 Shaw Road, Wavell Heights",y
102,WOOLLOONGABBA ROTARY PARK,19,CAMBERWELL STREET,EAST BRISBANE,4169,153.042814802177,-27.490316414316602,619.860103301211,16448.505106528897,0,0,2,0,0,0,0,7,0,14,17,1,1,3,0,1,0,0,0,0,8,0,0,0,1,1,2,0,0,0,23,0,0,0,0,9,0,0,1,2,6,5,0,2,0,0,0,0,0,15,0,0,10,1,1,0,0,0,4,1,0,0,0,0,21,3,0,0,0,1,0,0,1,0,0,0,0,0,0,9,0,0,1,8,0,0,12,1,2,0,0,0,10,1,0,2,6,0,0,1,1,2,0,0,0,0,2,0,0,0,16,0,1,0,0,0,1,0,37,2,0,0,0,0,3,0,32,1,1,2,3,0,0,0,0,0,0,1,0,3,0,0,0,0,0,0,2,22,4,0,4,0,1,5,0,0,6,1,2,0,0,2,1,0,11,0,1,1,0,0,0,0,8,1,0,0,0,0,0,32,0,0,0,0,2,0,2,1,2,2,4,0,0,0,0,10,1,0,2,East Brisbane,"Woolloongabba Rotary Park, 64 Fisher Street, East Brisbane",y
103,REAL PARK,33,HEATH STREET,EAST BRISBANE,4169,153.048828217737,-27.4809658684281,433.42141372374397,7153.119048414191,0,0,2,0,0,0,0,7,0,14,17,1,1,3,0,1,0,0,0,0,8,0,0,0,1,1,2,0,0,0,23,0,0,0,0,9,0,0,1,2,6,5,0,2,0,0,0,0,0,15,0,0,10,1,1,0,0,0,4,1,0,0,0,0,21,3,0,0,0,1,0,0,1,0,0,0,0,0,0,9,0,0,1,8,0,0,12,1,2,0,0,0,10,1,0,2,6,0,0,1,1,2,0,0,0,0,2,0,0,0,16,0,1,0,0,0,1,0,37,2,0,0,0,0,3,0,32,1,1,2,3,0,0,0,0,0,0,1,0,3,0,0,0,0,0,0,2,22,4,0,4,0,1,5,0,0,6,1,2,0,0,2,1,0,11,0,1,1,0,0,0,0,8,1,0,0,0,0,0,32,0,0,0,0,2,0,2,1,2,2,4,0,0,0,0,10,1,0,2,East Brisbane,"Real Park, 33 Heath Street, East Brisbane",y
104,PHIL DENMAN PARK,61,BEANLAND STREET,JAMBOREE HEIGHTS,4074,152.929993044421,-27.552473842275,1316.27017653608,54512.662542702696,0,0,0,0,0,0,0,7,0,11,14,0,2,2,0,0,0,1,0,0,5,2,2,1,0,0,2,0,0,0,24,0,0,0,0,2,0,0,0,0,5,0,0,0,4,0,0,0,0,6,0,0,10,0,0,0,0,0,3,0,0,0,0,0,8,0,0,0,0,0,0,0,0,0,0,0,1,0,0,12,0,0,0,1,0,1,12,0,1,1,1,0,5,0,0,1,2,0,0,0,0,2,0,0,1,0,1,0,1,0,11,0,0,0,0,0,2,0,23,0,0,0,0,0,3,0,36,0,0,4,1,0,1,0,0,0,0,0,0,1,0,0,0,0,0,0,5,11,1,0,0,0,0,1,0,0,3,2,1,0,0,1,0,1,2,0,1,0,0,3,0,0,5,4,0,0,0,0,0,19,1,0,0,0,0,0,1,0,2,1,0,0,0,0,1,3,1,0,0,Jamboree Heights,"Phil Denman Park, 56 Loffs Road, Jamboree Heights",y
105,PASK FAMILY PARK,12,ASCENT STREET,ROCHEDALE,4123,153.11611447885,-27.5741455156594,570.517945168085,9767.89100573042,0,0,0,1,0,0,0,11,0,8,8,0,0,2,0,0,0,0,0,1,8,0,0,1,0,0,4,0,0,0,24,0,0,0,0,2,0,0,4,0,4,0,0,0,2,0,0,0,0,22,0,0,5,0,0,0,0,0,10,0,0,0,0,0,7,0,0,0,1,0,0,0,1,0,0,0,0,0,0,9,0,0,0,4,0,0,15,0,1,0,0,0,3,0,0,1,0,0,0,0,0,0,0,0,0,0,0,0,2,0,10,0,4,0,0,0,4,0,30,0,0,0,0,0,2,0,36,0,1,0,0,0,2,0,0,0,0,0,0,4,0,0,0,0,1,0,11,16,2,3,2,0,0,7,0,0,3,4,0,0,0,0,1,0,5,0,5,0,0,2,0,0,8,10,0,3,0,0,0,20,0,0,0,0,3,0,1,0,0,0,2,0,2,0,0,1,0,0,0,Rochedale,"Pask Family Park, 12 Ascent Street, Rochedale",y
106,POWERHOUSE PARK,130,LAMINGTON STREET,NEW FARM,4005,153.054180556388,-27.4678276756287,756.751609324393,15356.5762145292,0,0,4,0,0,1,0,7,0,15,14,0,1,4,0,0,3,1,0,0,12,0,0,0,0,1,2,1,0,0,31,0,0,3,0,6,0,0,4,1,2,4,1,1,0,3,0,0,0,46,0,0,12,4,0,2,0,0,27,0,0,0,0,1,26,2,0,0,1,1,0,0,1,0,0,0,0,0,1,10,0,0,0,19,0,0,7,0,3,1,0,0,11,0,0,2,11,1,0,0,3,5,0,0,0,1,4,1,2,0,18,0,3,0,0,0,11,0,57,0,1,0,0,0,4,0,46,0,0,1,5,2,0,0,0,0,0,0,0,3,0,0,0,0,0,0,9,57,10,1,7,0,2,10,0,0,0,6,2,0,0,0,2,0,22,0,10,0,0,0,0,0,14,5,0,4,0,2,0,24,0,0,0,0,0,0,2,0,3,1,2,0,0,1,0,13,6,0,1,New Farm,"Powerhouse Park, 137 Sydney Street, New Farm",y
107,ABBEVILLE STREET PARK,41,ABBEVILLE STREET,UPPER MOUNT GRAVATT,4122,153.088992200463,-27.5445136384269,598.9382379399771,19846.2300949715,0,0,0,0,0,1,0,11,0,20,21,0,0,2,0,0,2,0,0,1,9,2,0,0,0,0,13,1,0,0,43,0,0,3,0,6,0,0,4,2,7,2,0,1,4,1,0,0,0,24,0,0,16,0,0,0,0,0,13,0,0,0,1,0,22,8,0,0,1,3,0,0,1,2,0,0,0,0,0,16,1,0,0,4,0,0,21,0,0,0,0,0,14,0,0,2,4,0,0,1,6,3,0,0,0,0,1,0,1,0,19,0,0,0,0,0,3,0,53,1,0,1,0,0,6,0,50,1,1,4,2,1,1,0,0,0,0,0,0,3,0,1,0,0,1,0,10,28,2,1,4,0,0,8,0,0,7,7,1,0,0,0,0,0,5,0,0,0,0,2,0,0,17,6,0,4,0,0,1,38,0,0,0,0,1,0,1,0,3,0,2,0,0,0,0,3,4,0,0,Upper Mount Gravatt,"Abbeville Street Park, 41 Abbeville Street, Upper Mount Gravatt",y
108,EVELYN ROAD PARK,180,KIANAWAH ROAD,WYNNUM WEST,4178,153.144612992601,-27.451712665619898,646.638099573125,14101.0250421575,1,0,0,0,0,4,0,34,0,52,45,1,7,11,0,0,9,0,0,0,20,1,0,2,0,1,10,0,1,1,59,2,0,3,0,15,0,0,9,1,22,7,0,2,12,2,0,0,0,43,0,0,21,0,1,1,1,0,21,0,0,0,0,2,36,4,0,0,3,4,0,0,6,0,0,0,2,0,0,45,0,0,1,17,0,0,37,0,2,0,0,0,26,0,0,10,19,0,0,0,0,6,0,0,0,0,6,0,1,0,57,0,3,0,0,0,11,0,88,1,0,2,0,0,13,2,104,0,2,8,1,0,4,0,0,0,0,0,1,3,0,1,0,0,0,0,7,64,8,4,9,0,0,14,0,0,14,21,0,0,0,0,2,1,12,0,3,2,0,11,4,0,44,17,0,1,0,1,0,122,0,0,0,0,4,0,9,0,8,1,7,0,1,0,0,9,4,0,2,Wynnum West,"Evelyn Road Park, 180 Kianawah Road, Wynnum West",y
109,BARCOORAH STREET PARK,88,BARCOORAH STREET,WESTLAKE,4074,152.906265822236,-27.551868206912605,3000.10287842337,104162.55876433599,0,0,1,0,0,2,0,4,0,15,13,2,4,6,0,0,4,0,0,0,8,0,0,0,0,0,8,0,0,0,38,0,0,0,0,2,0,0,0,1,5,2,0,0,3,0,0,0,0,24,0,0,5,0,0,0,0,0,11,0,0,0,0,0,8,4,0,0,2,1,0,0,2,0,0,0,0,0,2,6,1,0,0,1,0,0,12,0,1,0,0,0,15,0,0,1,2,0,0,0,0,0,0,0,0,0,0,0,0,0,18,0,3,0,1,0,1,0,43,1,0,0,0,0,2,2,42,0,3,2,0,0,2,0,0,0,0,0,0,1,0,0,0,0,1,0,4,37,0,1,3,0,0,2,0,0,11,3,2,0,0,0,4,0,10,0,1,0,0,1,3,0,24,2,0,0,1,0,0,36,0,0,0,0,0,0,0,0,2,0,1,0,0,0,0,3,3,0,1,Westlake,"Barcoorah Street Park, 88 Barcoorah Street, Westlake",y
110,DOWNFALL CREEK RESERVE,57,JEFFERIS STREET,VIRGINIA,4014,153.057978039,-27.383014198999902,2196.6728415797,96479.3100746542,0,0,0,0,0,0,0,5,0,17,15,0,0,6,0,1,4,0,0,1,8,0,0,1,0,0,1,0,0,0,19,0,0,1,0,3,0,0,1,0,5,1,0,0,2,0,0,0,0,10,0,0,5,0,0,0,0,0,6,1,0,0,0,0,9,3,0,0,2,1,0,0,3,0,0,0,0,0,0,13,0,0,0,2,0,0,8,0,1,0,0,0,5,0,0,3,2,0,0,0,1,0,0,0,0,0,0,0,0,0,8,0,0,0,0,0,0,0,28,1,0,0,0,0,1,0,16,1,1,4,1,0,0,0,0,0,0,0,0,0,0,0,0,0,0,0,1,10,1,1,1,0,0,5,0,0,9,0,0,0,0,0,0,0,2,0,1,0,0,4,3,0,4,5,0,0,0,0,0,20,0,0,0,0,1,0,0,0,1,1,0,0,0,0,0,1,2,0,0,Geebung,"Downfall Creek Reserve, 263 Bilsen Road, Geebung",y
111,BYRNE'S PADDOCK PARK,21,FEDERATION STREET,WINDSOR,4030,153.031750630851,-27.440869065549602,540.675116668963,12914.0911208119,0,0,3,0,0,2,0,10,0,14,12,2,5,1,0,0,3,1,0,0,14,0,0,0,0,0,5,0,0,0,28,4,0,2,0,3,0,0,2,0,8,6,0,0,1,2,0,0,0,31,0,0,8,0,0,0,0,0,20,0,0,0,0,0,22,1,0,0,2,0,0,0,2,0,0,0,0,0,0,4,0,0,0,11,0,0,14,1,4,0,1,0,24,0,0,3,4,2,0,0,0,5,0,0,0,2,0,0,0,0,9,0,1,0,0,0,10,0,67,0,0,0,0,0,1,0,45,0,0,2,2,1,0,1,0,1,0,0,1,1,0,1,0,0,0,0,4,39,3,2,4,0,0,8,0,0,10,7,2,0,0,0,1,0,8,0,0,0,0,1,2,1,11,2,0,2,0,0,0,32,0,0,0,0,2,0,7,0,5,0,4,0,0,0,0,8,5,0,0,Windsor,"Byrne's Paddock Park, 21 Federation Street, Windsor",y
112,NORTHEY STREET PARK,24,EDGAR STREET,WINDSOR,4030,153.028072784,-27.442718719000002,1764.46659400849,33041.8298241333,0,0,3,0,0,2,0,10,0,14,12,2,5,1,0,0,3,1,0,0,14,0,0,0,0,0,5,0,0,0,28,4,0,2,0,3,0,0,2,0,8,6,0,0,1,2,0,0,0,31,0,0,8,0,0,0,0,0,20,0,0,0,0,0,22,1,0,0,2,0,0,0,2,0,0,0,0,0,0,4,0,0,0,11,0,0,14,1,4,0,1,0,24,0,0,3,4,2,0,0,0,5,0,0,0,2,0,0,0,0,9,0,1,0,0,0,10,0,67,0,0,0,0,0,1,0,45,0,0,2,2,1,0,1,0,1,0,0,1,1,0,1,0,0,0,0,4,39,3,2,4,0,0,8,0,0,10,7,2,0,0,0,1,0,8,0,0,0,0,1,2,1,11,2,0,2,0,0,0,32,0,0,0,0,2,0,7,0,5,0,4,0,0,0,0,8,5,0,0,Windsor,"Northey Street Park, 24 Edgar Street, Windsor",y
113,BOOKER PLACE PARK,89,BIRKIN ROAD,BELLBOWRIE,4070,152.892574984323,-27.563737848747397,2212.45544868746,160549.734219862,0,0,0,0,0,3,0,9,0,31,24,0,3,11,0,0,2,0,0,3,9,0,0,2,0,0,7,0,0,0,76,1,0,1,0,13,0,0,0,1,11,4,0,1,5,2,0,0,0,24,0,0,5,0,1,1,0,0,15,0,0,0,0,0,34,2,0,0,1,0,0,0,5,0,0,0,0,0,0,24,1,0,0,1,0,0,31,2,2,1,0,0,29,0,0,5,10,0,0,0,2,5,0,0,1,0,8,0,0,0,24,0,3,0,0,1,4,0,81,1,0,1,0,0,3,0,51,0,0,7,4,0,3,0,0,0,0,0,3,1,0,0,0,0,3,0,6,34,6,1,1,0,0,1,0,0,10,4,0,0,0,0,1,0,5,0,3,0,0,4,0,2,25,12,0,3,0,1,0,48,0,0,0,1,2,0,5,0,3,2,4,0,0,0,0,8,1,0,1,Bellbowrie,"Booker Place Park, 89 Birkin Road, Bellbowrie",y
114,PIONEER CRESCENT PARK,33,PIONEER CRESCENT,BELLBOWRIE,4070,152.872158285939,-27.561447114946603,967.1227410965331,45379.692960374006,0,0,0,0,0,3,0,9,0,31,24,0,3,11,0,0,2,0,0,3,9,0,0,2,0,0,7,0,0,0,76,1,0,1,0,13,0,0,0,1,11,4,0,1,5,2,0,0,0,24,0,0,5,0,1,1,0,0,15,0,0,0,0,0,34,2,0,0,1,0,0,0,5,0,0,0,0,0,0,24,1,0,0,1,0,0,31,2,2,1,0,0,29,0,0,5,10,0,0,0,2,5,0,0,1,0,8,0,0,0,24,0,3,0,0,1,4,0,81,1,0,1,0,0,3,0,51,0,0,7,4,0,3,0,0,0,0,0,3,1,0,0,0,0,3,0,6,34,6,1,1,0,0,1,0,0,10,4,0,0,0,0,1,0,5,0,3,0,0,4,0,2,25,12,0,3,0,1,0,48,0,0,0,1,2,0,5,0,3,2,4,0,0,0,0,8,1,0,1,Bellbowrie,"Pioneer Crescent Park, 33 Pioneer Crescent, Bellbowrie",y
115,ASCOT PARK,93,KITCHENER ROAD,ASCOT,4007,153.063060315276,-27.4301896223043,744.572559561472,20536.583206818,1,0,1,0,0,0,0,7,0,13,7,1,1,3,0,0,1,0,0,0,8,0,1,4,0,2,6,0,0,0,19,0,0,0,0,4,0,0,3,0,2,0,0,1,1,0,0,0,0,46,0,0,9,2,0,0,2,0,26,0,0,0,0,0,8,2,0,0,2,0,0,0,2,0,0,0,0,0,0,11,3,0,0,8,0,0,10,0,3,0,0,0,20,0,0,2,3,1,0,0,2,7,0,0,2,0,1,0,4,0,11,0,0,0,2,0,4,0,32,4,0,0,0,0,7,0,53,0,0,0,1,0,0,0,0,0,0,0,0,2,0,0,0,0,0,0,5,39,1,2,4,0,2,8,0,0,5,4,1,0,0,0,0,1,16,0,5,0,0,2,2,0,15,1,0,1,0,3,0,14,0,0,0,0,0,0,1,1,0,2,0,0,1,0,0,7,3,1,2,Ascot,"Ascot Park, 93 Kitchener Road, Ascot",y
116,OLD SHORELINE PARK,351,MACARTHUR AVENUE,HAMILTON,4007,153.084507236191,-27.440981490325104,336.571749187594,6808.95953490749,0,0,2,1,0,0,0,4,0,10,9,0,2,1,0,0,1,0,0,1,9,1,0,0,0,2,16,0,0,0,21,1,1,2,0,9,0,0,5,0,3,0,0,0,0,0,0,0,0,53,0,0,8,0,2,0,0,0,26,0,0,0,0,0,31,2,0,0,1,1,0,0,2,0,0,0,0,0,0,11,2,0,0,18,0,0,8,0,1,0,0,0,18,0,0,3,5,0,0,1,4,2,0,0,0,0,0,0,1,0,27,0,3,0,0,0,3,0,49,1,0,0,0,0,9,0,72,0,1,1,2,0,0,0,0,0,0,0,0,0,0,0,0,0,0,0,12,42,4,2,12,1,2,17,0,0,3,3,0,0,0,1,0,0,7,0,2,0,0,4,1,0,26,4,0,1,0,0,0,22,0,0,0,0,2,0,4,0,3,1,3,0,0,0,1,4,1,0,3,Hamilton,"Old Shoreline Park, 351 Macarthur Avenue, Hamilton",y
117,HERCULES STREET PARK,40,REMORA ROAD,HAMILTON,4007,153.069860938804,-27.438662788708402,533.476341793176,17309.232497940102,0,0,2,1,0,0,0,4,0,10,9,0,2,1,0,0,1,0,0,1,9,1,0,0,0,2,16,0,0,0,21,1,1,2,0,9,0,0,5,0,3,0,0,0,0,0,0,0,0,53,0,0,8,0,2,0,0,0,26,0,0,0,0,0,31,2,0,0,1,1,0,0,2,0,0,0,0,0,0,11,2,0,0,18,0,0,8,0,1,0,0,0,18,0,0,3,5,0,0,1,4,2,0,0,0,0,0,0,1,0,27,0,3,0,0,0,3,0,49,1,0,0,0,0,9,0,72,0,1,1,2,0,0,0,0,0,0,0,0,0,0,0,0,0,0,0,12,42,4,2,12,1,2,17,0,0,3,3,0,0,0,1,0,0,7,0,2,0,0,4,1,0,26,4,0,1,0,0,0,22,0,0,0,0,2,0,4,0,3,1,3,0,0,0,1,4,1,0,3,Hamilton,"Hercules Street Park, 40 Remora Road, Hamilton",y
118,CROSBY PARK,103,CROSBY ROAD,ALBION,4010,153.046865959389,-27.434386519695302,1553.2546311117999,123622.692949976,0,0,1,0,0,0,0,3,0,7,3,0,0,1,0,0,1,0,0,0,6,1,0,0,0,0,7,0,0,0,13,0,0,1,0,2,0,0,1,0,1,0,0,1,0,1,0,0,0,14,0,0,4,0,0,0,0,0,8,0,0,0,0,0,12,1,0,0,2,0,0,0,0,0,0,0,0,0,0,6,1,0,0,5,0,0,3,0,0,0,0,0,2,0,0,0,4,0,0,0,0,1,0,0,2,0,0,0,2,0,5,0,1,0,0,0,2,0,18,0,0,0,0,0,2,0,16,0,0,0,1,0,0,0,0,0,0,0,2,1,1,1,0,0,1,0,10,13,1,0,6,0,0,2,0,0,2,0,0,0,1,0,0,0,2,0,0,0,0,0,1,0,4,2,0,1,0,0,0,13,0,0,0,0,1,0,0,0,1,0,0,0,0,0,1,2,2,0,0,Albion,"Crosby Park, 103 Crosby Road, Albion",y
119,GILBERT PARK,98,FULCHER ROAD,RED HILL,4059,152.996982253818,-27.4483166871618,1220.69000700724,36713.7956926859,0,0,1,0,0,1,0,5,0,11,21,0,0,4,0,1,3,0,0,1,7,0,0,0,0,1,3,0,0,0,36,2,0,2,0,4,0,0,3,1,7,5,0,1,1,1,0,0,0,27,0,0,7,0,1,0,1,0,25,0,0,0,0,0,22,2,0,0,3,1,0,0,1,0,0,1,0,0,0,9,1,0,0,9,0,0,9,0,2,0,0,0,11,0,0,4,7,0,0,0,1,1,0,0,0,2,2,0,3,0,11,0,1,0,0,0,5,0,39,0,0,0,0,0,4,1,20,0,0,0,2,0,0,0,0,1,0,1,1,0,0,0,0,2,1,0,2,38,3,0,0,0,2,9,0,0,3,1,0,0,0,1,6,0,16,0,6,1,0,0,1,0,10,4,0,1,0,0,1,34,0,0,0,0,2,0,2,0,1,1,0,0,0,1,0,12,10,0,3,Red Hill,"Gilbert Park, 98 Fulcher Road, Red Hill",y
120,WEBSTER ROAD PARK,422,WEBSTER ROAD,STAFFORD HEIGHTS,4053,153.01925159700002,-27.394806004,1108.30026654876,21445.6565485776,0,0,0,1,0,1,0,21,0,31,47,1,4,3,0,0,2,1,0,1,13,2,0,0,1,0,10,0,0,0,61,1,0,3,0,10,0,0,4,0,17,3,0,1,6,0,0,0,0,37,0,0,12,1,0,0,1,0,19,1,0,0,0,0,22,5,0,0,3,0,0,0,2,0,0,1,0,0,0,23,2,0,0,4,0,1,31,0,4,1,0,0,38,0,0,4,11,1,0,0,1,6,0,0,0,0,3,0,1,0,24,0,3,0,0,0,2,0,78,0,0,1,0,0,2,1,55,0,4,11,2,0,2,0,0,0,0,1,0,0,0,0,0,0,1,0,2,27,3,0,1,0,0,16,0,0,17,7,0,0,0,0,1,0,11,0,1,0,0,2,4,0,19,4,0,1,0,0,0,62,0,0,0,0,7,0,4,1,5,2,1,0,0,0,0,4,6,1,0,Stafford Heights,"Webster Road Park, 239 Kitchener Road, Stafford Heights",y
121,GREY GUM PARK,822,RODE ROAD,STAFFORD HEIGHTS,4053,153.004836332399,-27.391890936936804,2255.23337633253,113017.117753067,0,0,0,1,0,1,0,21,0,31,47,1,4,3,0,0,2,1,0,1,13,2,0,0,1,0,10,0,0,0,61,1,0,3,0,10,0,0,4,0,17,3,0,1,6,0,0,0,0,37,0,0,12,1,0,0,1,0,19,1,0,0,0,0,22,5,0,0,3,0,0,0,2,0,0,1,0,0,0,23,2,0,0,4,0,1,31,0,4,1,0,0,38,0,0,4,11,1,0,0,1,6,0,0,0,0,3,0,1,0,24,0,3,0,0,0,2,0,78,0,0,1,0,0,2,1,55,0,4,11,2,0,2,0,0,0,0,1,0,0,0,0,0,0,1,0,2,27,3,0,1,0,0,16,0,0,17,7,0,0,0,0,1,0,11,0,1,0,0,2,4,0,19,4,0,1,0,0,0,62,0,0,0,0,7,0,4,1,5,2,1,0,0,0,0,4,6,1,0,Stafford Heights,"Grey Gum Park, 822 Rode Road, Stafford Heights",y
122,MARTINDALE STREET PARK,95,STRINGYBARK DRIVE,CHERMSIDE WEST,4032,153.003811230615,-27.3762631023826,1198.1945925939501,31521.9283570846,0,0,3,1,0,1,0,19,0,28,18,2,2,4,0,2,2,0,0,0,19,0,0,0,0,0,10,0,0,0,62,1,0,2,0,4,0,0,1,0,10,3,0,1,2,1,0,0,0,35,0,0,8,0,0,1,1,0,16,0,0,0,0,0,22,2,0,0,1,2,0,0,4,0,0,0,0,0,0,28,3,0,1,8,0,0,25,2,3,0,0,0,25,0,0,4,7,1,0,0,0,1,0,0,0,0,3,0,2,0,28,0,1,0,2,0,2,0,73,0,0,0,0,0,5,0,53,0,2,6,4,0,1,0,1,0,0,0,0,3,0,0,0,0,0,0,6,42,2,3,5,0,0,10,0,0,8,11,0,0,0,0,1,0,7,0,0,0,0,5,1,0,24,3,0,0,0,0,0,38,0,0,0,0,5,0,1,0,7,4,0,0,0,1,0,9,2,0,0,Chermside West,"Martindale Street Park, 95 Stringybark Drive, Chermside West",y
123,BLUE GUM PARK,73,KAKADU CIRCUIT,ZILLMERE,4034,153.033526892,-27.352584736999997,1146.60298592608,26676.876321197098,0,0,0,0,0,3,0,30,0,38,38,1,2,5,0,0,3,1,0,0,8,0,0,2,0,1,8,0,0,0,46,1,0,2,0,7,0,0,5,0,12,3,0,1,8,1,0,0,3,21,0,0,14,0,1,0,3,0,13,1,0,0,0,0,15,2,0,0,2,0,0,0,0,0,0,0,0,0,0,45,2,0,3,4,0,0,21,1,3,0,0,0,12,0,0,6,14,0,0,0,0,1,0,0,1,0,2,0,0,0,27,0,0,0,0,0,3,0,65,1,0,0,0,0,1,0,79,0,1,6,5,1,1,0,0,0,0,0,0,4,0,0,0,0,1,0,4,25,0,0,3,0,0,11,0,0,18,9,0,0,0,0,0,0,1,0,0,2,0,6,2,1,29,11,0,3,0,0,1,91,1,0,0,0,2,2,4,1,3,1,2,0,0,0,0,3,5,0,0,Zillmere,"Blue Gum Park, 18A Spano Street, Zillmere",y
124,FAULKNER PARK,183,LEYBOURNE STREET,GRACEVILLE,4075,152.98406768901,-27.5178876719732,2299.62424888896,114892.753925825,0,0,0,1,0,2,0,6,1,14,12,0,4,6,0,0,2,0,0,0,8,0,0,1,0,0,4,1,0,0,46,0,0,0,1,10,0,0,2,0,12,1,0,3,1,0,0,0,0,40,0,0,9,0,2,0,0,0,27,0,0,0,0,0,12,0,0,0,3,2,0,0,1,0,0,0,0,0,1,11,0,0,0,2,0,0,13,0,2,0,1,0,17,0,0,3,4,2,0,0,0,5,0,0,0,0,1,0,1,0,23,0,1,0,0,0,1,0,73,2,0,0,0,0,0,0,44,0,1,1,1,0,0,2,0,0,1,0,0,1,0,0,0,0,3,0,3,32,3,0,6,0,1,6,0,0,3,5,0,0,0,0,0,0,10,0,2,0,0,2,2,0,13,4,0,3,0,1,0,17,0,0,0,0,2,0,1,0,3,2,2,0,0,0,0,7,5,0,1,Graceville,"Faulkner Park, 80 Waratah Avenue, Graceville",y
125,WEMBLEY PARK,71,JACKSON STREET,COORPAROO,4151,153.060896590659,-27.4891730430327,2641.37218459897,117880.27304053599,0,0,0,2,2,1,0,17,0,39,43,1,8,14,0,2,5,2,0,0,34,0,1,2,0,5,21,0,0,0,76,0,0,6,0,10,0,1,8,0,6,9,0,4,4,1,0,0,0,119,0,0,18,1,1,0,1,0,46,1,0,0,0,1,28,5,0,0,7,3,0,2,4,0,0,0,0,0,0,29,2,0,0,12,0,1,25,2,3,2,0,0,56,0,0,12,12,3,0,0,2,3,0,0,2,0,4,0,3,0,43,0,8,0,1,0,10,0,147,1,2,1,0,0,11,0,92,2,0,3,3,2,1,0,0,0,1,0,1,0,0,1,0,1,0,0,14,86,8,4,10,0,1,12,0,0,17,12,1,0,0,0,2,0,21,0,9,0,0,5,4,2,26,5,0,2,0,0,0,74,0,0,0,1,6,1,6,1,2,0,5,0,0,1,1,22,6,0,4,Coorparoo,"Wembley Park, 71 Jackson Street, Coorparoo",y
126,WHITES HILL RESERVE,205,JONES ROAD,CAMP HILL,4152,153.083044722329,-27.5110415732265,6771.59000214886,1887089.30812031,0,0,2,0,0,1,0,18,0,36,34,0,2,12,0,0,5,2,0,0,25,2,0,0,0,0,15,0,0,0,97,4,0,3,0,15,0,0,8,3,15,3,0,1,4,7,0,0,0,91,0,0,19,0,2,0,1,0,38,0,0,0,0,0,42,7,0,0,5,0,0,0,6,1,0,0,2,0,0,22,2,0,0,14,0,0,19,2,7,1,0,1,54,0,0,4,17,0,0,0,2,3,0,0,1,1,1,0,2,0,51,0,4,1,1,0,10,0,141,2,0,0,0,0,13,0,85,1,4,5,2,2,2,0,0,0,0,0,0,3,0,0,0,1,1,0,10,110,3,0,6,0,1,16,0,0,13,8,0,0,0,0,4,0,24,0,5,3,0,4,2,1,33,7,0,2,0,2,2,70,0,0,0,0,2,0,2,0,2,5,6,0,1,0,1,17,4,0,1,Camp Hill,"Whites Hill Reserve, 205 Jones Road, Camp Hill",y
127,PERTH STREET PARK,74,PERTH STREET,CAMP HILL,4152,153.075632315512,-27.4861013381891,1293.44879653011,53997.7962868345,0,0,2,0,0,1,0,18,0,36,34,0,2,12,0,0,5,2,0,0,25,2,0,0,0,0,15,0,0,0,97,4,0,3,0,15,0,0,8,3,15,3,0,1,4,7,0,0,0,91,0,0,19,0,2,0,1,0,38,0,0,0,0,0,42,7,0,0,5,0,0,0,6,1,0,0,2,0,0,22,2,0,0,14,0,0,19,2,7,1,0,1,54,0,0,4,17,0,0,0,2,3,0,0,1,1,1,0,2,0,51,0,4,1,1,0,10,0,141,2,0,0,0,0,13,0,85,1,4,5,2,2,2,0,0,0,0,0,0,3,0,0,0,1,1,0,10,110,3,0,6,0,1,16,0,0,13,8,0,0,0,0,4,0,24,0,5,3,0,4,2,1,33,7,0,2,0,2,2,70,0,0,0,0,2,0,2,0,2,5,6,0,1,0,1,17,4,0,1,Camp Hill,"Perth Street Park, 74 Perth Street, Camp Hill",y
128,RAYMOND PARK,184,WELLINGTON ROAD,KANGAROO POINT,4169,153.038793832316,-27.4807631308322,1819.3602685998198,50855.3691269925,0,0,0,0,0,0,0,6,0,5,3,0,1,5,0,0,0,1,0,0,5,0,0,0,0,0,8,0,0,0,12,0,0,9,0,1,0,0,2,0,1,1,0,0,0,0,0,0,0,33,0,0,3,1,0,0,0,0,10,0,0,0,1,0,21,2,0,0,0,0,0,0,0,0,0,0,0,0,0,9,0,0,0,16,0,0,6,0,4,0,0,0,11,0,0,0,1,1,0,0,0,0,0,0,0,0,1,0,3,0,9,0,0,0,1,2,3,0,28,1,0,0,0,0,7,1,39,0,0,1,1,0,0,0,0,0,0,0,0,2,0,0,0,0,0,0,14,25,7,0,9,0,0,11,0,0,3,0,0,0,0,0,2,0,8,0,7,0,0,1,0,1,8,1,0,0,0,0,0,12,0,0,0,0,1,1,0,1,1,0,1,0,2,1,0,6,3,0,2,Kangaroo Point,"Raymond Park, 184 Wellington Road, Kangaroo Point",y
129,VICTORIA PARK,271,GILCHRIST AVENUE,HERSTON,4006,153.022209272038,-27.4530924733756,8663.135580970269,584375.689400222,0,0,1,0,0,1,0,1,0,7,2,0,0,3,0,0,0,0,0,0,1,0,0,0,0,0,1,0,0,0,10,0,0,0,0,1,0,0,0,0,2,0,0,0,2,1,0,0,0,2,0,0,2,0,0,0,0,0,2,0,0,0,0,0,5,2,0,0,0,0,0,0,0,0,0,0,0,0,1,2,0,0,0,1,0,0,6,1,1,0,0,0,2,0,0,0,3,0,0,0,0,2,0,0,1,0,1,0,0,0,3,0,0,0,0,1,0,0,18,0,0,0,0,0,0,1,9,0,1,0,0,0,0,0,0,0,0,0,0,0,0,0,0,0,1,0,0,12,0,0,2,0,0,0,0,0,2,3,0,0,0,0,0,0,1,0,1,0,0,0,0,0,1,0,0,0,0,0,0,5,0,0,0,0,0,0,0,0,2,0,0,0,0,0,1,2,5,0,0,Herston,"Victoria Park, 290 Gilchrist Avenue, Herston",y
130,7TH BRIGADE PARK,21,KITTYHAWK DR,CHERMSIDE,4032,153.03871545209,-27.3800187727564,5959.281138062729,733297.743613218,1,0,1,0,0,2,0,10,0,18,20,1,2,3,0,0,4,1,0,1,3,0,0,1,0,0,4,0,0,0,26,1,0,3,0,7,0,0,1,0,11,1,0,2,3,0,0,0,0,21,1,0,14,4,0,1,0,0,6,0,0,0,0,0,14,1,0,0,1,3,0,0,0,0,0,0,0,0,0,13,3,0,0,8,0,0,11,1,2,1,0,0,13,0,0,2,5,0,0,0,1,1,0,0,0,0,1,0,0,0,23,0,3,0,0,0,2,0,48,0,0,1,0,0,4,0,51,0,2,4,2,0,0,0,0,0,0,0,0,3,0,0,0,0,0,0,8,14,2,0,3,0,0,10,0,0,0,6,0,0,0,0,1,0,5,0,2,0,0,6,0,1,18,6,0,2,0,1,0,33,0,0,0,0,1,0,5,0,2,0,1,0,0,0,0,6,1,1,1,Chermside,"7th Brigade Park, 21 Kittyhawk Drive, Chermside",y
131,BURNIE BRAE PARK,60,KURAN STREET,CHERMSIDE,4032,153.035390245261,-27.389683478775602,830.88432826352,39095.3456950307,1,0,1,0,0,2,0,10,0,18,20,1,2,3,0,0,4,1,0,1,3,0,0,1,0,0,4,0,0,0,26,1,0,3,0,7,0,0,1,0,11,1,0,2,3,0,0,0,0,21,1,0,14,4,0,1,0,0,6,0,0,0,0,0,14,1,0,0,1,3,0,0,0,0,0,0,0,0,0,13,3,0,0,8,0,0,11,1,2,1,0,0,13,0,0,2,5,0,0,0,1,1,0,0,0,0,1,0,0,0,23,0,3,0,0,0,2,0,48,0,0,1,0,0,4,0,51,0,2,4,2,0,0,0,0,0,0,0,0,3,0,0,0,0,0,0,8,14,2,0,3,0,0,10,0,0,0,6,0,0,0,0,1,0,5,0,2,0,0,6,0,1,18,6,0,2,0,1,0,33,0,0,0,0,1,0,5,0,2,0,1,0,0,0,0,6,1,1,1,Chermside,"Burnie Brae Park, 106 Meemar Street, Chermside",y
132,MACTIER STREET PARK,745,FIG TREE POCKET ROAD,FIG TREE POCKET,4069,152.963500567202,-27.536080824792105,3217.32707018123,284198.722589528,0,0,0,0,0,2,0,3,0,15,14,1,3,4,0,0,2,0,0,0,9,3,1,2,0,0,12,0,0,0,35,1,0,0,0,7,1,0,0,0,3,0,0,0,0,1,0,0,0,30,0,0,4,0,0,1,0,0,23,0,0,0,0,1,17,4,0,2,0,1,0,0,0,0,0,0,0,0,0,7,0,0,0,4,0,0,16,0,2,1,0,0,23,0,0,2,4,1,0,0,1,2,0,0,0,0,3,0,1,0,15,0,2,0,0,2,3,0,56,1,0,2,0,0,4,1,23,0,1,0,1,0,0,0,0,0,0,0,1,0,0,0,0,0,2,0,4,39,6,0,2,0,2,6,0,0,3,4,0,0,0,0,0,1,7,0,1,0,0,1,2,1,11,1,0,2,0,2,0,19,0,0,0,1,0,0,3,0,3,3,1,0,0,1,1,8,5,0,1,Fig Tree Pocket,"Mactier Street Park, 745 Fig Tree Pocket Road, Fig Tree Pocket",y
133,JINDALEE BOAT RAMP PARK,99,MT OMMANEY DRIVE,JINDALEE,4074,152.928983469,-27.529612519,1347.24965978037,36752.8945933974,0,0,1,0,0,0,0,4,0,28,29,1,1,6,0,0,6,0,0,1,15,0,0,1,0,1,6,0,0,0,41,1,0,2,0,5,0,0,3,0,2,0,0,0,4,1,0,0,0,17,0,0,10,1,0,0,0,0,14,0,0,0,0,1,20,0,0,0,0,2,0,0,4,0,0,0,2,0,0,21,0,0,0,2,0,0,16,1,3,0,0,0,24,0,0,4,8,0,0,0,0,1,0,0,0,0,4,0,2,0,18,0,2,0,1,0,0,0,71,0,0,0,0,0,4,0,31,0,0,3,1,1,1,0,0,0,1,0,0,1,0,1,0,1,1,0,6,34,3,2,1,0,0,6,0,0,10,7,0,0,0,0,0,1,6,0,4,1,0,5,3,0,7,3,0,1,0,2,0,41,0,0,0,0,3,1,7,0,3,1,3,1,0,0,0,6,4,0,0,Jindalee,"Jindalee Boat Ramp Park, 99 Mt Ommaney Drive, Jindalee",y
134,KOOKABURRA PARK - WEST,54,CARINGAL DRIVE,KARANA DOWNS,4306,152.83872118899998,-27.544460488000002,2718.1060483791002,146235.573932726,0,0,0,0,0,5,0,10,1,30,30,2,1,2,0,0,7,0,0,1,13,0,0,0,0,0,4,0,0,0,54,2,0,0,0,9,0,0,4,0,12,1,0,3,0,0,0,0,0,20,0,0,10,0,0,0,0,0,13,0,0,0,0,0,14,4,0,0,1,0,0,0,0,0,0,0,0,0,0,20,2,0,0,2,0,0,37,1,7,0,0,0,14,0,0,5,5,0,0,0,0,0,0,0,1,1,4,0,2,0,25,0,1,0,0,0,4,0,48,1,0,0,0,0,1,0,37,0,5,4,1,0,1,0,0,0,0,1,1,1,0,1,0,0,2,0,1,20,1,0,1,0,0,2,0,0,10,7,1,0,0,0,0,0,3,0,2,0,0,3,0,1,10,2,0,0,0,0,1,42,0,0,0,0,1,0,1,0,2,2,2,0,0,0,0,6,3,0,2,Karana Downs,"Kookaburra Park - West, 11 Nalya Crescent, Karana Downs",y
135,HOLMEAD PARK,2,HOLMEAD ROAD,EIGHT MILE PLAINS,4113,153.092619694368,-27.566344179969697,1715.73703829486,98383.9416336342,0,0,0,2,0,3,0,13,0,11,25,1,1,4,0,0,0,1,0,0,18,2,0,2,0,0,16,0,0,0,38,3,0,2,0,5,0,0,3,0,6,1,0,2,6,5,0,0,0,41,0,0,22,1,0,0,0,0,15,0,0,0,0,0,18,4,0,0,5,1,0,0,0,0,0,0,0,0,0,26,3,0,1,4,0,0,17,0,0,0,0,0,15,0,0,2,2,0,0,0,0,0,0,0,0,1,0,0,0,0,34,1,7,0,0,0,3,0,55,0,0,0,0,0,8,0,83,0,0,5,2,1,1,0,0,0,0,0,0,2,1,2,0,0,2,0,12,35,4,0,9,0,0,6,0,0,5,17,0,0,0,0,4,0,3,0,3,0,0,2,2,1,26,6,0,0,0,0,1,37,1,0,0,0,3,2,6,2,4,0,1,0,0,0,0,4,0,0,1,Eight Mile Plains,"Holmead Park, 2 Holmead Road, Eight Mile Plains",y
136,MT CROSBY SPORTSGROUND,491,ALLAWAH ROAD,CHUWAR,4306,152.795984788492,-27.539893972537303,1442.37894381994,136961.458332638,0,0,0,0,0,0,0,0,0,0,0,0,0,0,0,0,0,0,0,0,0,0,0,0,0,0,0,0,0,0,1,0,0,0,0,0,0,0,0,0,0,0,0,0,0,0,0,0,0,0,0,0,0,0,0,0,0,0,0,0,0,0,0,0,0,0,0,0,1,0,0,0,0,0,0,0,0,0,0,0,0,0,0,0,0,0,3,0,0,0,0,0,0,0,0,0,3,0,0,0,0,0,0,0,0,0,0,0,0,0,0,0,0,0,0,0,0,0,1,0,0,0,0,0,0,0,2,0,0,0,0,0,0,0,0,0,0,0,0,0,0,0,0,0,0,0,1,0,0,0,0,0,0,0,0,0,1,0,0,0,0,0,0,0,0,0,0,0,0,0,0,0,0,0,0,0,0,0,0,1,0,0,0,0,0,0,0,0,1,4,0,0,0,0,0,1,0,0,0,Chuwar,"Mt Crosby Sportsground, 491 Allawah Road, Chuwar",y
137,ANZAC PARK,100,DEAN STREET,TOOWONG,4066,152.980023195998,-27.4795734321053,1693.61058136023,132153.93603771098,0,0,3,0,0,2,0,6,0,15,27,1,0,6,0,1,3,0,0,2,15,0,0,0,0,0,11,0,1,0,43,3,0,2,1,6,0,0,3,0,3,2,0,1,0,2,0,0,0,47,0,0,8,2,0,0,0,0,32,1,0,0,0,0,23,2,0,0,2,0,0,0,2,0,0,0,0,0,0,19,0,0,0,9,0,0,11,1,10,0,0,0,27,0,0,6,4,0,0,0,1,3,0,0,0,0,3,0,3,0,21,0,0,0,0,0,6,0,60,1,0,0,0,0,4,2,44,2,0,3,3,1,0,0,0,0,0,0,1,2,0,0,0,1,0,0,4,44,6,3,11,0,2,7,0,0,7,4,0,0,0,0,1,2,10,0,3,2,0,1,1,1,14,4,0,0,0,0,0,18,0,0,0,0,3,0,0,0,1,2,2,0,1,0,2,12,6,0,1,Toowong,"Anzac Park, 100 Dean Street, Toowong",y
138,PERRIN PARK,56,JOSLING STREET,TOOWONG,4066,152.992082954523,-27.4916926629743,1341.34964412991,75903.8726294178,0,0,3,0,0,2,0,6,0,15,27,1,0,6,0,1,3,0,0,2,15,0,0,0,0,0,11,0,1,0,43,3,0,2,1,6,0,0,3,0,3,2,0,1,0,2,0,0,0,47,0,0,8,2,0,0,0,0,32,1,0,0,0,0,23,2,0,0,2,0,0,0,2,0,0,0,0,0,0,19,0,0,0,9,0,0,11,1,10,0,0,0,27,0,0,6,4,0,0,0,1,3,0,0,0,0,3,0,3,0,21,0,0,0,0,0,6,0,60,1,0,0,0,0,4,2,44,2,0,3,3,1,0,0,0,0,0,0,1,2,0,0,0,1,0,0,4,44,6,3,11,0,2,7,0,0,7,4,0,0,0,0,1,2,10,0,3,2,0,1,1,1,14,4,0,0,0,0,0,18,0,0,0,0,3,0,0,0,1,2,2,0,1,0,2,12,6,0,1,Toowong,"Perrin Park, 56 Josling Street, Toowong",y
139,THOMAS MACLEOD PARK,40,SINNAMON ROAD,SINNAMON PARK,4073,152.9561382,-27.53802809,2305.20869420344,103486.377831734,0,0,8,1,0,1,0,1,0,12,15,1,0,1,0,1,6,0,0,2,15,1,1,1,0,1,10,0,0,0,27,1,0,0,0,4,0,0,0,0,7,1,0,0,2,1,1,1,0,48,0,0,9,0,1,0,0,0,15,0,0,0,0,0,10,0,0,0,1,0,0,0,0,0,0,0,0,0,1,10,1,0,0,3,0,0,19,0,2,0,0,0,17,0,0,1,8,2,0,1,2,2,0,0,2,0,0,0,2,0,26,0,5,0,0,0,5,0,61,0,0,0,0,0,3,0,59,0,2,1,1,0,1,0,0,0,0,0,0,7,1,0,0,0,0,0,10,38,5,1,3,0,0,5,0,0,8,6,1,0,0,0,0,3,8,0,1,0,0,1,2,0,16,5,0,1,0,0,0,27,1,0,0,0,0,0,4,0,1,2,0,0,1,0,0,7,4,1,0,Sinnamon Park,"Thomas Macleod Park, 40 Sinnamon Road, Sinnamon Park",y
140,JULIE ROAD PARK,12A,JULIE ROAD,ELLEN GROVE,4078,152.935392885575,-27.6140301700319,324.062010096731,3587.77329576427,0,0,0,0,0,0,0,10,0,11,7,0,1,2,0,0,1,0,0,0,0,0,0,1,0,0,0,0,0,0,8,0,0,0,0,1,0,0,0,0,4,1,0,3,1,0,0,0,0,3,0,0,7,0,0,0,1,0,2,0,0,0,0,0,0,0,0,0,1,0,0,0,0,0,0,0,0,0,0,12,0,0,0,2,0,0,10,0,0,0,0,0,1,0,0,1,2,0,0,0,0,0,0,0,0,0,6,0,0,0,9,0,1,0,0,0,0,0,9,0,0,0,0,0,1,0,13,0,2,4,1,0,0,0,0,0,0,0,0,1,0,0,0,0,0,0,1,3,0,1,0,0,0,2,0,0,5,4,0,0,0,0,0,0,1,0,0,0,0,6,0,1,7,2,0,1,0,0,0,25,0,0,0,0,2,0,2,0,1,0,0,0,2,0,0,1,2,0,0,Ellen Grove,"Julie Road Park, 12A Julie Road, Ellen Grove",y
141,KALINGA PARK,48,KALINGA STREET,KALINGA,4030,153.053421485819,-27.408005749914498,3739.97155957074,198018.738348149,0,0,1,0,0,1,0,3,0,12,4,0,2,0,0,0,3,0,0,0,6,0,0,1,0,0,0,0,0,0,16,1,0,0,0,2,0,0,1,0,1,0,0,0,2,0,0,0,0,15,0,0,3,0,0,0,0,0,10,0,0,0,0,0,2,2,0,0,0,1,0,0,0,0,0,0,0,0,0,7,0,0,0,3,0,0,5,0,1,2,0,0,10,0,0,0,2,0,0,0,0,2,0,0,0,0,0,0,0,0,7,0,0,0,0,3,0,0,40,1,0,0,0,0,1,0,21,0,0,1,0,0,0,0,0,0,0,0,0,0,0,0,0,0,1,0,2,17,3,0,3,0,1,4,0,0,3,2,1,0,0,1,0,0,5,0,0,0,0,2,1,0,8,1,0,0,0,1,0,12,0,0,0,0,1,0,0,0,1,1,2,0,1,0,0,3,2,0,0,Kalinga,"Kalinga Park, 48 Kalinga Street, Kalinga",y
142,TUCKEROO PARK,1553,NUDGEE ROAD,NUDGEE BEACH,4014,153.10368404062402,-27.366610114774105,7744.264731448579,539709.359110483,0,0,0,0,0,0,0,2,0,4,2,0,0,0,0,0,1,0,0,0,2,0,0,0,0,0,0,0,0,0,4,0,0,0,0,0,0,0,1,0,1,0,0,0,1,0,0,0,0,0,0,0,1,0,0,0,0,0,1,0,0,0,0,0,5,0,0,0,1,0,0,0,0,0,0,0,0,0,1,2,0,0,0,0,0,0,1,0,0,0,0,0,1,0,0,0,0,0,0,0,0,1,0,0,0,0,0,0,0,0,2,0,0,0,0,0,0,0,3,0,0,1,0,0,1,0,3,0,0,0,0,2,0,0,0,0,0,0,0,0,0,0,0,0,0,0,1,3,1,0,0,0,0,0,0,0,0,0,0,0,0,0,0,0,2,0,0,0,0,0,0,0,1,0,0,0,1,0,0,9,0,0,0,0,1,0,1,0,1,1,0,0,0,0,0,0,0,0,0,Nudgee Beach,"Tuckeroo Park, 1553 Nudgee Road, Nudgee Beach",y
143,GRANGE FOREST PARK,105,RAYMONT ROAD,GRANGE,4051,153.009408199,-27.415085478,4212.51762306558,191091.560905755,0,0,3,0,0,1,0,4,0,14,16,0,3,5,0,0,2,0,0,1,13,1,1,0,0,0,9,0,0,0,42,0,0,4,0,5,0,0,2,2,3,2,0,1,1,0,0,0,0,48,0,0,2,0,0,0,0,0,26,1,0,0,0,0,14,0,0,0,1,0,0,0,4,0,0,0,0,0,0,13,0,1,0,2,0,0,9,0,3,0,0,0,27,0,0,1,5,1,0,0,1,1,0,0,0,0,1,0,0,0,17,0,0,0,1,0,2,0,68,2,0,2,0,0,1,0,33,0,2,2,0,2,0,0,0,0,0,0,1,1,0,0,0,0,0,0,0,51,2,0,1,0,0,5,0,1,6,2,0,0,0,0,0,0,16,0,4,0,0,0,2,2,13,3,0,2,0,1,0,23,1,0,0,0,1,0,2,0,2,1,0,0,0,0,2,11,3,0,0,Grange,"Grange Forest Park, 105 Raymont Road, Grange",y
